WAARNEMINGDATUM;WAARNEMINGTIJD (MET/CET);;NUMERIEKEWAARDE
16-2-2022;00:00:00;16-2-2022 00:00;-16
16-2-2022;00:10:00;16-2-2022 00:10;-10
16-2-2022;00:20:00;16-2-2022 00:20;-2
16-2-2022;00:30:00;16-2-2022 00:30;9
16-2-2022;00:40:00;16-2-2022 00:40;20
16-2-2022;00:50:00;16-2-2022 00:50;32
16-2-2022;01:00:00;16-2-2022 01:00;44
16-2-2022;01:10:00;16-2-2022 01:10;58
16-2-2022;01:20:00;16-2-2022 01:20;73
16-2-2022;01:30:00;16-2-2022 01:30;89
16-2-2022;01:40:00;16-2-2022 01:40;102
16-2-2022;01:50:00;16-2-2022 01:50;114
16-2-2022;02:00:00;16-2-2022 02:00;125
16-2-2022;02:10:00;16-2-2022 02:10;132
16-2-2022;02:20:00;16-2-2022 02:20;137
16-2-2022;02:30:00;16-2-2022 02:30;139
16-2-2022;02:40:00;16-2-2022 02:40;138
16-2-2022;02:50:00;16-2-2022 02:50;136
16-2-2022;03:00:00;16-2-2022 03:00;132
16-2-2022;03:10:00;16-2-2022 03:10;128
16-2-2022;03:20:00;16-2-2022 03:20;124
16-2-2022;03:30:00;16-2-2022 03:30;120
16-2-2022;03:40:00;16-2-2022 03:40;117
16-2-2022;03:50:00;16-2-2022 03:50;114
16-2-2022;04:00:00;16-2-2022 04:00;109
16-2-2022;04:10:00;16-2-2022 04:10;104
16-2-2022;04:20:00;16-2-2022 04:20;99
16-2-2022;04:30:00;16-2-2022 04:30;93
16-2-2022;04:40:00;16-2-2022 04:40;86
16-2-2022;04:50:00;16-2-2022 04:50;79
16-2-2022;05:00:00;16-2-2022 05:00;73
16-2-2022;05:10:00;16-2-2022 05:10;66
16-2-2022;05:20:00;16-2-2022 05:20;59
16-2-2022;05:30:00;16-2-2022 05:30;51
16-2-2022;05:40:00;16-2-2022 05:40;43
16-2-2022;05:50:00;16-2-2022 05:50;34
16-2-2022;06:00:00;16-2-2022 06:00;26
16-2-2022;06:10:00;16-2-2022 06:10;19
16-2-2022;06:20:00;16-2-2022 06:20;11
16-2-2022;06:30:00;16-2-2022 06:30;5
16-2-2022;06:40:00;16-2-2022 06:40;0
16-2-2022;06:50:00;16-2-2022 06:50;-5
16-2-2022;07:00:00;16-2-2022 07:00;-9
16-2-2022;07:10:00;16-2-2022 07:10;-13
16-2-2022;07:20:00;16-2-2022 07:20;-15
16-2-2022;07:30:00;16-2-2022 07:30;-18
16-2-2022;07:40:00;16-2-2022 07:40;-20
16-2-2022;07:50:00;16-2-2022 07:50;-22
16-2-2022;08:00:00;16-2-2022 08:00;-23
16-2-2022;08:10:00;16-2-2022 08:10;-23
16-2-2022;08:20:00;16-2-2022 08:20;-21
16-2-2022;08:30:00;16-2-2022 08:30;-19
16-2-2022;08:40:00;16-2-2022 08:40;-17
16-2-2022;08:50:00;16-2-2022 08:50;-16
16-2-2022;09:00:00;16-2-2022 09:00;-16
16-2-2022;09:10:00;16-2-2022 09:10;-17
16-2-2022;09:20:00;16-2-2022 09:20;-18
16-2-2022;09:30:00;16-2-2022 09:30;-23
16-2-2022;09:40:00;16-2-2022 09:40;-28
16-2-2022;09:50:00;16-2-2022 09:50;-29
16-2-2022;10:00:00;16-2-2022 10:00;-30
16-2-2022;10:10:00;16-2-2022 10:10;-33
16-2-2022;10:20:00;16-2-2022 10:20;-35
16-2-2022;10:30:00;16-2-2022 10:30;-35
16-2-2022;10:40:00;16-2-2022 10:40;-37
16-2-2022;10:50:00;16-2-2022 10:50;-36
16-2-2022;11:00:00;16-2-2022 11:00;-38
16-2-2022;11:10:00;16-2-2022 11:10;-40
16-2-2022;11:20:00;16-2-2022 11:20;-39
16-2-2022;11:30:00;16-2-2022 11:30;-39
16-2-2022;11:40:00;16-2-2022 11:40;-38
16-2-2022;11:50:00;16-2-2022 11:50;-34
16-2-2022;12:00:00;16-2-2022 12:00;-29
16-2-2022;12:10:00;16-2-2022 12:10;-21
16-2-2022;12:20:00;16-2-2022 12:20;-11
16-2-2022;12:30:00;16-2-2022 12:30;1
16-2-2022;12:40:00;16-2-2022 12:40;12
16-2-2022;12:50:00;16-2-2022 12:50;27
16-2-2022;13:00:00;16-2-2022 13:00;43
16-2-2022;13:10:00;16-2-2022 13:10;59
16-2-2022;13:20:00;16-2-2022 13:20;77
16-2-2022;13:30:00;16-2-2022 13:30;94
16-2-2022;13:40:00;16-2-2022 13:40;111
16-2-2022;13:50:00;16-2-2022 13:50;128
16-2-2022;14:00:00;16-2-2022 14:00;142
16-2-2022;14:10:00;16-2-2022 14:10;153
16-2-2022;14:20:00;16-2-2022 14:20;164
16-2-2022;14:30:00;16-2-2022 14:30;167
16-2-2022;14:40:00;16-2-2022 14:40;167
16-2-2022;14:50:00;16-2-2022 14:50;164
16-2-2022;15:00:00;16-2-2022 15:00;159
16-2-2022;15:10:00;16-2-2022 15:10;152
16-2-2022;15:20:00;16-2-2022 15:20;145
16-2-2022;15:30:00;16-2-2022 15:30;139
16-2-2022;15:40:00;16-2-2022 15:40;135
16-2-2022;15:50:00;16-2-2022 15:50;133
16-2-2022;16:00:00;16-2-2022 16:00;131
16-2-2022;16:10:00;16-2-2022 16:10;129
16-2-2022;16:20:00;16-2-2022 16:20;127
16-2-2022;16:30:00;16-2-2022 16:30;122
16-2-2022;16:40:00;16-2-2022 16:40;118
16-2-2022;16:50:00;16-2-2022 16:50;112
16-2-2022;17:00:00;16-2-2022 17:00;106
16-2-2022;17:10:00;16-2-2022 17:10;98
16-2-2022;17:20:00;16-2-2022 17:20;92
16-2-2022;17:30:00;16-2-2022 17:30;88
16-2-2022;17:40:00;16-2-2022 17:40;82
16-2-2022;17:50:00;16-2-2022 17:50;76
16-2-2022;18:00:00;16-2-2022 18:00;69
16-2-2022;18:10:00;16-2-2022 18:10;64
16-2-2022;18:20:00;16-2-2022 18:20;55
16-2-2022;18:30:00;16-2-2022 18:30;45
16-2-2022;18:40:00;16-2-2022 18:40;36
16-2-2022;18:50:00;16-2-2022 18:50;29
16-2-2022;19:00:00;16-2-2022 19:00;23
16-2-2022;19:10:00;16-2-2022 19:10;19
16-2-2022;19:20:00;16-2-2022 19:20;16
16-2-2022;19:30:00;16-2-2022 19:30;15
16-2-2022;19:40:00;16-2-2022 19:40;16
16-2-2022;19:50:00;16-2-2022 19:50;14
16-2-2022;20:00:00;16-2-2022 20:00;15
16-2-2022;20:10:00;16-2-2022 20:10;18
16-2-2022;20:20:00;16-2-2022 20:20;19
16-2-2022;20:30:00;16-2-2022 20:30;20
16-2-2022;20:40:00;16-2-2022 20:40;20
16-2-2022;20:50:00;16-2-2022 20:50;18
16-2-2022;21:00:00;16-2-2022 21:00;19
16-2-2022;21:10:00;16-2-2022 21:10;18
16-2-2022;21:20:00;16-2-2022 21:20;17
16-2-2022;21:30:00;16-2-2022 21:30;16
16-2-2022;21:40:00;16-2-2022 21:40;13
16-2-2022;21:50:00;16-2-2022 21:50;12
16-2-2022;22:00:00;16-2-2022 22:00;11
16-2-2022;22:10:00;16-2-2022 22:10;11
16-2-2022;22:20:00;16-2-2022 22:20;11
16-2-2022;22:30:00;16-2-2022 22:30;9
16-2-2022;22:40:00;16-2-2022 22:40;12
16-2-2022;22:50:00;16-2-2022 22:50;9
16-2-2022;23:00:00;16-2-2022 23:00;7
16-2-2022;23:10:00;16-2-2022 23:10;3
16-2-2022;23:20:00;16-2-2022 23:20;2
16-2-2022;23:30:00;16-2-2022 23:30;4
16-2-2022;23:40:00;16-2-2022 23:40;2
16-2-2022;23:50:00;16-2-2022 23:50;2
17-2-2022;00:00:00;17-2-2022 00:00;0
17-2-2022;00:10:00;17-2-2022 00:10;4
17-2-2022;00:20:00;17-2-2022 00:20;10
17-2-2022;00:30:00;17-2-2022 00:30;13
17-2-2022;00:40:00;17-2-2022 00:40;19
17-2-2022;00:50:00;17-2-2022 00:50;25
17-2-2022;01:00:00;17-2-2022 01:00;37
17-2-2022;01:10:00;17-2-2022 01:10;50
17-2-2022;01:20:00;17-2-2022 01:20;63
17-2-2022;01:30:00;17-2-2022 01:30;75
17-2-2022;01:40:00;17-2-2022 01:40;91
17-2-2022;01:50:00;17-2-2022 01:50;107
17-2-2022;02:00:00;17-2-2022 02:00;125
17-2-2022;02:10:00;17-2-2022 02:10;145
17-2-2022;02:20:00;17-2-2022 02:20;158
17-2-2022;02:30:00;17-2-2022 02:30;174
17-2-2022;02:40:00;17-2-2022 02:40;185
17-2-2022;02:50:00;17-2-2022 02:50;192
17-2-2022;03:00:00;17-2-2022 03:00;195
17-2-2022;03:10:00;17-2-2022 03:10;194
17-2-2022;03:20:00;17-2-2022 03:20;189
17-2-2022;03:30:00;17-2-2022 03:30;187
17-2-2022;03:40:00;17-2-2022 03:40;184
17-2-2022;03:50:00;17-2-2022 03:50;179
17-2-2022;04:00:00;17-2-2022 04:00;177
17-2-2022;04:10:00;17-2-2022 04:10;174
17-2-2022;04:20:00;17-2-2022 04:20;172
17-2-2022;04:30:00;17-2-2022 04:30;166
17-2-2022;04:40:00;17-2-2022 04:40;161
17-2-2022;04:50:00;17-2-2022 04:50;155
17-2-2022;05:00:00;17-2-2022 05:00;148
17-2-2022;05:10:00;17-2-2022 05:10;142
17-2-2022;05:20:00;17-2-2022 05:20;134
17-2-2022;05:30:00;17-2-2022 05:30;129
17-2-2022;05:40:00;17-2-2022 05:40;123
17-2-2022;05:50:00;17-2-2022 05:50;117
17-2-2022;06:00:00;17-2-2022 06:00;112
17-2-2022;06:10:00;17-2-2022 06:10;110
17-2-2022;06:20:00;17-2-2022 06:20;104
17-2-2022;06:30:00;17-2-2022 06:30;98
17-2-2022;06:40:00;17-2-2022 06:40;94
17-2-2022;06:50:00;17-2-2022 06:50;86
17-2-2022;07:00:00;17-2-2022 07:00;79
17-2-2022;07:10:00;17-2-2022 07:10;71
17-2-2022;07:20:00;17-2-2022 07:20;63
17-2-2022;07:30:00;17-2-2022 07:30;57
17-2-2022;07:40:00;17-2-2022 07:40;51
17-2-2022;07:50:00;17-2-2022 07:50;45
17-2-2022;08:00:00;17-2-2022 08:00;42
17-2-2022;08:10:00;17-2-2022 08:10;39
17-2-2022;08:20:00;17-2-2022 08:20;40
17-2-2022;08:30:00;17-2-2022 08:30;40
17-2-2022;08:40:00;17-2-2022 08:40;43
17-2-2022;08:50:00;17-2-2022 08:50;44
17-2-2022;09:00:00;17-2-2022 09:00;44
17-2-2022;09:10:00;17-2-2022 09:10;46
17-2-2022;09:20:00;17-2-2022 09:20;44
17-2-2022;09:30:00;17-2-2022 09:30;42
17-2-2022;09:40:00;17-2-2022 09:40;42
17-2-2022;09:50:00;17-2-2022 09:50;38
17-2-2022;10:00:00;17-2-2022 10:00;33
17-2-2022;10:10:00;17-2-2022 10:10;27
17-2-2022;10:20:00;17-2-2022 10:20;24
17-2-2022;10:30:00;17-2-2022 10:30;20
17-2-2022;10:40:00;17-2-2022 10:40;18
17-2-2022;10:50:00;17-2-2022 10:50;17
17-2-2022;11:00:00;17-2-2022 11:00;16
17-2-2022;11:10:00;17-2-2022 11:10;16
17-2-2022;11:20:00;17-2-2022 11:20;16
17-2-2022;11:30:00;17-2-2022 11:30;14
17-2-2022;11:40:00;17-2-2022 11:40;14
17-2-2022;11:50:00;17-2-2022 11:50;15
17-2-2022;12:00:00;17-2-2022 12:00;16
17-2-2022;12:10:00;17-2-2022 12:10;17
17-2-2022;12:20:00;17-2-2022 12:20;20
17-2-2022;12:30:00;17-2-2022 12:30;24
17-2-2022;12:40:00;17-2-2022 12:40;29
17-2-2022;12:50:00;17-2-2022 12:50;34
17-2-2022;13:00:00;17-2-2022 13:00;40
17-2-2022;13:10:00;17-2-2022 13:10;46
17-2-2022;13:20:00;17-2-2022 13:20;55
17-2-2022;13:30:00;17-2-2022 13:30;64
17-2-2022;13:40:00;17-2-2022 13:40;74
17-2-2022;13:50:00;17-2-2022 13:50;88
17-2-2022;14:00:00;17-2-2022 14:00;104
17-2-2022;14:10:00;17-2-2022 14:10;123
17-2-2022;14:20:00;17-2-2022 14:20;143
17-2-2022;14:30:00;17-2-2022 14:30;164
17-2-2022;14:40:00;17-2-2022 14:40;184
17-2-2022;14:50:00;17-2-2022 14:50;199
17-2-2022;15:00:00;17-2-2022 15:00;207
17-2-2022;15:10:00;17-2-2022 15:10;211
17-2-2022;15:20:00;17-2-2022 15:20;212
17-2-2022;15:30:00;17-2-2022 15:30;209
17-2-2022;15:40:00;17-2-2022 15:40;204
17-2-2022;15:50:00;17-2-2022 15:50;198
17-2-2022;16:00:00;17-2-2022 16:00;192
17-2-2022;16:10:00;17-2-2022 16:10;188
17-2-2022;16:20:00;17-2-2022 16:20;183
17-2-2022;16:30:00;17-2-2022 16:30;178
17-2-2022;16:40:00;17-2-2022 16:40;175
17-2-2022;16:50:00;17-2-2022 16:50;169
17-2-2022;17:00:00;17-2-2022 17:00;163
17-2-2022;17:10:00;17-2-2022 17:10;156
17-2-2022;17:20:00;17-2-2022 17:20;148
17-2-2022;17:30:00;17-2-2022 17:30;142
17-2-2022;17:40:00;17-2-2022 17:40;136
17-2-2022;17:50:00;17-2-2022 17:50;128
17-2-2022;18:00:00;17-2-2022 18:00;120
17-2-2022;18:10:00;17-2-2022 18:10;111
17-2-2022;18:20:00;17-2-2022 18:20;102
17-2-2022;18:30:00;17-2-2022 18:30;92
17-2-2022;18:40:00;17-2-2022 18:40;82
17-2-2022;18:50:00;17-2-2022 18:50;70
17-2-2022;19:00:00;17-2-2022 19:00;61
17-2-2022;19:10:00;17-2-2022 19:10;53
17-2-2022;19:20:00;17-2-2022 19:20;45
17-2-2022;19:30:00;17-2-2022 19:30;37
17-2-2022;19:40:00;17-2-2022 19:40;30
17-2-2022;19:50:00;17-2-2022 19:50;22
17-2-2022;20:00:00;17-2-2022 20:00;18
17-2-2022;20:10:00;17-2-2022 20:10;14
17-2-2022;20:20:00;17-2-2022 20:20;9
17-2-2022;20:30:00;17-2-2022 20:30;8
17-2-2022;20:40:00;17-2-2022 20:40;7
17-2-2022;20:50:00;17-2-2022 20:50;7
17-2-2022;21:00:00;17-2-2022 21:00;7
17-2-2022;21:10:00;17-2-2022 21:10;10
17-2-2022;21:20:00;17-2-2022 21:20;12
17-2-2022;21:30:00;17-2-2022 21:30;15
17-2-2022;21:40:00;17-2-2022 21:40;16
17-2-2022;21:50:00;17-2-2022 21:50;16
17-2-2022;22:00:00;17-2-2022 22:00;16
17-2-2022;22:10:00;17-2-2022 22:10;15
17-2-2022;22:20:00;17-2-2022 22:20;13
17-2-2022;22:30:00;17-2-2022 22:30;10
17-2-2022;22:40:00;17-2-2022 22:40;8
17-2-2022;22:50:00;17-2-2022 22:50;6
17-2-2022;23:00:00;17-2-2022 23:00;3
17-2-2022;23:10:00;17-2-2022 23:10;1
17-2-2022;23:20:00;17-2-2022 23:20;-1
17-2-2022;23:30:00;17-2-2022 23:30;-1
17-2-2022;23:40:00;17-2-2022 23:40;-1
17-2-2022;23:50:00;17-2-2022 23:50;0
18-2-2022;00:00:00;18-2-2022 00:00;0
18-2-2022;00:10:00;18-2-2022 00:10;1
18-2-2022;00:20:00;18-2-2022 00:20;4
18-2-2022;00:30:00;18-2-2022 00:30;4
18-2-2022;00:40:00;18-2-2022 00:40;4
18-2-2022;00:50:00;18-2-2022 00:50;6
18-2-2022;01:00:00;18-2-2022 01:00;7
18-2-2022;01:10:00;18-2-2022 01:10;10
18-2-2022;01:20:00;18-2-2022 01:20;13
18-2-2022;01:30:00;18-2-2022 01:30;16
18-2-2022;01:40:00;18-2-2022 01:40;21
18-2-2022;01:50:00;18-2-2022 01:50;28
18-2-2022;02:00:00;18-2-2022 02:00;32
18-2-2022;02:10:00;18-2-2022 02:10;38
18-2-2022;02:20:00;18-2-2022 02:20;45
18-2-2022;02:30:00;18-2-2022 02:30;53
18-2-2022;02:40:00;18-2-2022 02:40;63
18-2-2022;02:50:00;18-2-2022 02:50;76
18-2-2022;03:00:00;18-2-2022 03:00;89
18-2-2022;03:10:00;18-2-2022 03:10;104
18-2-2022;03:20:00;18-2-2022 03:20;119
18-2-2022;03:30:00;18-2-2022 03:30;132
18-2-2022;03:40:00;18-2-2022 03:40;141
18-2-2022;03:50:00;18-2-2022 03:50;146
18-2-2022;04:00:00;18-2-2022 04:00;146
18-2-2022;04:10:00;18-2-2022 04:10;146
18-2-2022;04:20:00;18-2-2022 04:20;142
18-2-2022;04:30:00;18-2-2022 04:30;137
18-2-2022;04:40:00;18-2-2022 04:40;130
18-2-2022;04:50:00;18-2-2022 04:50;127
18-2-2022;05:00:00;18-2-2022 05:00;124
18-2-2022;05:10:00;18-2-2022 05:10;119
18-2-2022;05:20:00;18-2-2022 05:20;113
18-2-2022;05:30:00;18-2-2022 05:30;108
18-2-2022;05:40:00;18-2-2022 05:40;103
18-2-2022;05:50:00;18-2-2022 05:50;94
18-2-2022;06:00:00;18-2-2022 06:00;85
18-2-2022;06:10:00;18-2-2022 06:10;76
18-2-2022;06:20:00;18-2-2022 06:20;65
18-2-2022;06:30:00;18-2-2022 06:30;56
18-2-2022;06:40:00;18-2-2022 06:40;46
18-2-2022;06:50:00;18-2-2022 06:50;35
18-2-2022;07:00:00;18-2-2022 07:00;25
18-2-2022;07:10:00;18-2-2022 07:10;14
18-2-2022;07:20:00;18-2-2022 07:20;2
18-2-2022;07:30:00;18-2-2022 07:30;-8
18-2-2022;07:40:00;18-2-2022 07:40;-20
18-2-2022;07:50:00;18-2-2022 07:50;-30
18-2-2022;08:00:00;18-2-2022 08:00;-39
18-2-2022;08:10:00;18-2-2022 08:10;-47
18-2-2022;08:20:00;18-2-2022 08:20;-54
18-2-2022;08:30:00;18-2-2022 08:30;-57
18-2-2022;08:40:00;18-2-2022 08:40;-61
18-2-2022;08:50:00;18-2-2022 08:50;-65
18-2-2022;09:00:00;18-2-2022 09:00;-68
18-2-2022;09:10:00;18-2-2022 09:10;-69
18-2-2022;09:20:00;18-2-2022 09:20;-69
18-2-2022;09:30:00;18-2-2022 09:30;-68
18-2-2022;09:40:00;18-2-2022 09:40;-65
18-2-2022;09:50:00;18-2-2022 09:50;-61
18-2-2022;10:00:00;18-2-2022 10:00;-58
18-2-2022;10:10:00;18-2-2022 10:10;-54
18-2-2022;10:20:00;18-2-2022 10:20;-49
18-2-2022;10:30:00;18-2-2022 10:30;-46
18-2-2022;10:40:00;18-2-2022 10:40;-44
18-2-2022;10:50:00;18-2-2022 10:50;-44
18-2-2022;11:00:00;18-2-2022 11:00;-43
18-2-2022;11:10:00;18-2-2022 11:10;-44
18-2-2022;11:20:00;18-2-2022 11:20;-46
18-2-2022;11:30:00;18-2-2022 11:30;-48
18-2-2022;11:40:00;18-2-2022 11:40;-50
18-2-2022;11:50:00;18-2-2022 11:50;-51
18-2-2022;12:00:00;18-2-2022 12:00;-49
18-2-2022;12:10:00;18-2-2022 12:10;-52
18-2-2022;12:20:00;18-2-2022 12:20;-52
18-2-2022;12:30:00;18-2-2022 12:30;-51
18-2-2022;12:40:00;18-2-2022 12:40;-50
18-2-2022;12:50:00;18-2-2022 12:50;-47
18-2-2022;13:00:00;18-2-2022 13:00;-42
18-2-2022;13:10:00;18-2-2022 13:10;-38
18-2-2022;13:20:00;18-2-2022 13:20;-31
18-2-2022;13:30:00;18-2-2022 13:30;-23
18-2-2022;13:40:00;18-2-2022 13:40;-13
18-2-2022;13:50:00;18-2-2022 13:50;-1
18-2-2022;14:00:00;18-2-2022 14:00;12
18-2-2022;14:10:00;18-2-2022 14:10;26
18-2-2022;14:20:00;18-2-2022 14:20;45
18-2-2022;14:30:00;18-2-2022 14:30;67
18-2-2022;14:40:00;18-2-2022 14:40;91
18-2-2022;14:50:00;18-2-2022 14:50;114
18-2-2022;15:00:00;18-2-2022 15:00;139
18-2-2022;15:10:00;18-2-2022 15:10;160
18-2-2022;15:20:00;18-2-2022 15:20;178
18-2-2022;15:30:00;18-2-2022 15:30;187
18-2-2022;15:40:00;18-2-2022 15:40;192
18-2-2022;15:50:00;18-2-2022 15:50;190
18-2-2022;16:00:00;18-2-2022 16:00;184
18-2-2022;16:10:00;18-2-2022 16:10;178
18-2-2022;16:20:00;18-2-2022 16:20;170
18-2-2022;16:30:00;18-2-2022 16:30;163
18-2-2022;16:40:00;18-2-2022 16:40;157
18-2-2022;16:50:00;18-2-2022 16:50;152
18-2-2022;17:00:00;18-2-2022 17:00;151
18-2-2022;17:10:00;18-2-2022 17:10;154
18-2-2022;17:20:00;18-2-2022 17:20;154
18-2-2022;17:30:00;18-2-2022 17:30;153
18-2-2022;17:40:00;18-2-2022 17:40;152
18-2-2022;17:50:00;18-2-2022 17:50;148
18-2-2022;18:00:00;18-2-2022 18:00;144
18-2-2022;18:10:00;18-2-2022 18:10;136
18-2-2022;18:20:00;18-2-2022 18:20;128
18-2-2022;18:30:00;18-2-2022 18:30;126
18-2-2022;18:40:00;18-2-2022 18:40;124
18-2-2022;18:50:00;18-2-2022 18:50;120
18-2-2022;19:00:00;18-2-2022 19:00;116
18-2-2022;19:10:00;18-2-2022 19:10;111
18-2-2022;19:20:00;18-2-2022 19:20;107
18-2-2022;19:30:00;18-2-2022 19:30;103
18-2-2022;19:40:00;18-2-2022 19:40;95
18-2-2022;19:50:00;18-2-2022 19:50;88
18-2-2022;20:00:00;18-2-2022 20:00;83
18-2-2022;20:10:00;18-2-2022 20:10;77
18-2-2022;20:20:00;18-2-2022 20:20;74
18-2-2022;20:30:00;18-2-2022 20:30;71
18-2-2022;20:40:00;18-2-2022 20:40;70
18-2-2022;20:50:00;18-2-2022 20:50;71
18-2-2022;21:00:00;18-2-2022 21:00;74
18-2-2022;21:10:00;18-2-2022 21:10;76
18-2-2022;21:20:00;18-2-2022 21:20;78
18-2-2022;21:30:00;18-2-2022 21:30;78
18-2-2022;21:40:00;18-2-2022 21:40;77
18-2-2022;21:50:00;18-2-2022 21:50;77
18-2-2022;22:00:00;18-2-2022 22:00;78
18-2-2022;22:10:00;18-2-2022 22:10;75
18-2-2022;22:20:00;18-2-2022 22:20;73
18-2-2022;22:30:00;18-2-2022 22:30;71
18-2-2022;22:40:00;18-2-2022 22:40;67
18-2-2022;22:50:00;18-2-2022 22:50;64
18-2-2022;23:00:00;18-2-2022 23:00;61
18-2-2022;23:10:00;18-2-2022 23:10;56
18-2-2022;23:20:00;18-2-2022 23:20;53
18-2-2022;23:30:00;18-2-2022 23:30;50
18-2-2022;23:40:00;18-2-2022 23:40;45
18-2-2022;23:50:00;18-2-2022 23:50;42
19-2-2022;00:00:00;19-2-2022 00:00;42
19-2-2022;00:10:00;19-2-2022 00:10;42
19-2-2022;00:20:00;19-2-2022 00:20;42
19-2-2022;00:30:00;19-2-2022 00:30;44
19-2-2022;00:40:00;19-2-2022 00:40;46
19-2-2022;00:50:00;19-2-2022 00:50;50
19-2-2022;01:00:00;19-2-2022 01:00;51
19-2-2022;01:10:00;19-2-2022 01:10;50
19-2-2022;01:20:00;19-2-2022 01:20;53
19-2-2022;01:30:00;19-2-2022 01:30;59
19-2-2022;01:40:00;19-2-2022 01:40;66
19-2-2022;01:50:00;19-2-2022 01:50;75
19-2-2022;02:00:00;19-2-2022 02:00;85
19-2-2022;02:10:00;19-2-2022 02:10;96
19-2-2022;02:20:00;19-2-2022 02:20;110
19-2-2022;02:30:00;19-2-2022 02:30;124
19-2-2022;02:40:00;19-2-2022 02:40;139
19-2-2022;02:50:00;19-2-2022 02:50;155
19-2-2022;03:00:00;19-2-2022 03:00;172
19-2-2022;03:10:00;19-2-2022 03:10;187
19-2-2022;03:20:00;19-2-2022 03:20;200
19-2-2022;03:30:00;19-2-2022 03:30;209
19-2-2022;03:40:00;19-2-2022 03:40;216
19-2-2022;03:50:00;19-2-2022 03:50;220
19-2-2022;04:00:00;19-2-2022 04:00;222
19-2-2022;04:10:00;19-2-2022 04:10;218
19-2-2022;04:20:00;19-2-2022 04:20;213
19-2-2022;04:30:00;19-2-2022 04:30;212
19-2-2022;04:40:00;19-2-2022 04:40;212
19-2-2022;04:50:00;19-2-2022 04:50;208
19-2-2022;05:00:00;19-2-2022 05:00;207
19-2-2022;05:10:00;19-2-2022 05:10;208
19-2-2022;05:20:00;19-2-2022 05:20;208
19-2-2022;05:30:00;19-2-2022 05:30;203
19-2-2022;05:40:00;19-2-2022 05:40;196
19-2-2022;05:50:00;19-2-2022 05:50;187
19-2-2022;06:00:00;19-2-2022 06:00;182
19-2-2022;06:10:00;19-2-2022 06:10;174
19-2-2022;06:20:00;19-2-2022 06:20;166
19-2-2022;06:30:00;19-2-2022 06:30;158
19-2-2022;06:40:00;19-2-2022 06:40;150
19-2-2022;06:50:00;19-2-2022 06:50;142
19-2-2022;07:00:00;19-2-2022 07:00;133
19-2-2022;07:10:00;19-2-2022 07:10;123
19-2-2022;07:20:00;19-2-2022 07:20;111
19-2-2022;07:30:00;19-2-2022 07:30;101
19-2-2022;07:40:00;19-2-2022 07:40;86
19-2-2022;07:50:00;19-2-2022 07:50;75
19-2-2022;08:00:00;19-2-2022 08:00;64
19-2-2022;08:10:00;19-2-2022 08:10;53
19-2-2022;08:20:00;19-2-2022 08:20;46
19-2-2022;08:30:00;19-2-2022 08:30;39
19-2-2022;08:40:00;19-2-2022 08:40;32
19-2-2022;08:50:00;19-2-2022 08:50;27
19-2-2022;09:00:00;19-2-2022 09:00;21
19-2-2022;09:10:00;19-2-2022 09:10;14
19-2-2022;09:20:00;19-2-2022 09:20;8
19-2-2022;09:30:00;19-2-2022 09:30;3
19-2-2022;09:40:00;19-2-2022 09:40;-1
19-2-2022;09:50:00;19-2-2022 09:50;-5
19-2-2022;10:00:00;19-2-2022 10:00;-7
19-2-2022;10:10:00;19-2-2022 10:10;-9
19-2-2022;10:20:00;19-2-2022 10:20;-10
19-2-2022;10:30:00;19-2-2022 10:30;-9
19-2-2022;10:40:00;19-2-2022 10:40;-11
19-2-2022;10:50:00;19-2-2022 10:50;-12
19-2-2022;11:00:00;19-2-2022 11:00;-12
19-2-2022;11:10:00;19-2-2022 11:10;-15
19-2-2022;11:20:00;19-2-2022 11:20;-18
19-2-2022;11:30:00;19-2-2022 11:30;-21
19-2-2022;11:40:00;19-2-2022 11:40;-24
19-2-2022;11:50:00;19-2-2022 11:50;-26
19-2-2022;12:00:00;19-2-2022 12:00;-26
19-2-2022;12:10:00;19-2-2022 12:10;-29
19-2-2022;12:20:00;19-2-2022 12:20;-30
19-2-2022;12:30:00;19-2-2022 12:30;-31
19-2-2022;12:40:00;19-2-2022 12:40;-33
19-2-2022;12:50:00;19-2-2022 12:50;-34
19-2-2022;13:00:00;19-2-2022 13:00;-35
19-2-2022;13:10:00;19-2-2022 13:10;-34
19-2-2022;13:20:00;19-2-2022 13:20;-33
19-2-2022;13:30:00;19-2-2022 13:30;-31
19-2-2022;13:40:00;19-2-2022 13:40;-28
19-2-2022;13:50:00;19-2-2022 13:50;-24
19-2-2022;14:00:00;19-2-2022 14:00;-19
19-2-2022;14:10:00;19-2-2022 14:10;-13
19-2-2022;14:20:00;19-2-2022 14:20;-7
19-2-2022;14:30:00;19-2-2022 14:30;0
19-2-2022;14:40:00;19-2-2022 14:40;9
19-2-2022;14:50:00;19-2-2022 14:50;20
19-2-2022;15:00:00;19-2-2022 15:00;34
19-2-2022;15:10:00;19-2-2022 15:10;50
19-2-2022;15:20:00;19-2-2022 15:20;69
19-2-2022;15:30:00;19-2-2022 15:30;90
19-2-2022;15:40:00;19-2-2022 15:40;112
19-2-2022;15:50:00;19-2-2022 15:50;134
19-2-2022;16:00:00;19-2-2022 16:00;151
19-2-2022;16:10:00;19-2-2022 16:10;163
19-2-2022;16:20:00;19-2-2022 16:20;171
19-2-2022;16:30:00;19-2-2022 16:30;174
19-2-2022;16:40:00;19-2-2022 16:40;175
19-2-2022;16:50:00;19-2-2022 16:50;171
19-2-2022;17:00:00;19-2-2022 17:00;163
19-2-2022;17:10:00;19-2-2022 17:10;155
19-2-2022;17:20:00;19-2-2022 17:20;152
19-2-2022;17:30:00;19-2-2022 17:30;146
19-2-2022;17:40:00;19-2-2022 17:40;144
19-2-2022;17:50:00;19-2-2022 17:50;142
19-2-2022;18:00:00;19-2-2022 18:00;141
19-2-2022;18:10:00;19-2-2022 18:10;142
19-2-2022;18:20:00;19-2-2022 18:20;139
19-2-2022;18:30:00;19-2-2022 18:30;135
19-2-2022;18:40:00;19-2-2022 18:40;129
19-2-2022;18:50:00;19-2-2022 18:50;122
19-2-2022;19:00:00;19-2-2022 19:00;112
19-2-2022;19:10:00;19-2-2022 19:10;100
19-2-2022;19:20:00;19-2-2022 19:20;86
19-2-2022;19:30:00;19-2-2022 19:30;74
19-2-2022;19:40:00;19-2-2022 19:40;63
19-2-2022;19:50:00;19-2-2022 19:50;54
19-2-2022;20:00:00;19-2-2022 20:00;43
19-2-2022;20:10:00;19-2-2022 20:10;36
19-2-2022;20:20:00;19-2-2022 20:20;28
19-2-2022;20:30:00;19-2-2022 20:30;26
19-2-2022;20:40:00;19-2-2022 20:40;21
19-2-2022;20:50:00;19-2-2022 20:50;18
19-2-2022;21:00:00;19-2-2022 21:00;14
19-2-2022;21:10:00;19-2-2022 21:10;12
19-2-2022;21:20:00;19-2-2022 21:20;13
19-2-2022;21:30:00;19-2-2022 21:30;15
19-2-2022;21:40:00;19-2-2022 21:40;20
19-2-2022;21:50:00;19-2-2022 21:50;25
19-2-2022;22:00:00;19-2-2022 22:00;34
19-2-2022;22:10:00;19-2-2022 22:10;36
19-2-2022;22:20:00;19-2-2022 22:20;42
19-2-2022;22:30:00;19-2-2022 22:30;45
19-2-2022;22:40:00;19-2-2022 22:40;45
19-2-2022;22:50:00;19-2-2022 22:50;47
19-2-2022;23:00:00;19-2-2022 23:00;45
19-2-2022;23:10:00;19-2-2022 23:10;42
19-2-2022;23:20:00;19-2-2022 23:20;38
19-2-2022;23:30:00;19-2-2022 23:30;31
19-2-2022;23:40:00;19-2-2022 23:40;26
19-2-2022;23:50:00;19-2-2022 23:50;18
20-2-2022;00:00:00;20-2-2022 00:00;13
20-2-2022;00:10:00;20-2-2022 00:10;5
20-2-2022;00:20:00;20-2-2022 00:20;-3
20-2-2022;00:30:00;20-2-2022 00:30;-9
20-2-2022;00:40:00;20-2-2022 00:40;-15
20-2-2022;00:50:00;20-2-2022 00:50;-20
20-2-2022;01:00:00;20-2-2022 01:00;-23
20-2-2022;01:10:00;20-2-2022 01:10;-26
20-2-2022;01:20:00;20-2-2022 01:20;-27
20-2-2022;01:30:00;20-2-2022 01:30;-26
20-2-2022;01:40:00;20-2-2022 01:40;-23
20-2-2022;01:50:00;20-2-2022 01:50;-21
20-2-2022;02:00:00;20-2-2022 02:00;-19
20-2-2022;02:10:00;20-2-2022 02:10;-15
20-2-2022;02:20:00;20-2-2022 02:20;-10
20-2-2022;02:30:00;20-2-2022 02:30;-6
20-2-2022;02:40:00;20-2-2022 02:40;0
20-2-2022;02:50:00;20-2-2022 02:50;5
20-2-2022;03:00:00;20-2-2022 03:00;13
20-2-2022;03:10:00;20-2-2022 03:10;22
20-2-2022;03:20:00;20-2-2022 03:20;32
20-2-2022;03:30:00;20-2-2022 03:30;45
20-2-2022;03:40:00;20-2-2022 03:40;57
20-2-2022;03:50:00;20-2-2022 03:50;71
20-2-2022;04:00:00;20-2-2022 04:00;85
20-2-2022;04:10:00;20-2-2022 04:10;100
20-2-2022;04:20:00;20-2-2022 04:20;112
20-2-2022;04:30:00;20-2-2022 04:30;124
20-2-2022;04:40:00;20-2-2022 04:40;131
20-2-2022;04:50:00;20-2-2022 04:50;136
20-2-2022;05:00:00;20-2-2022 05:00;138
20-2-2022;05:10:00;20-2-2022 05:10;137
20-2-2022;05:20:00;20-2-2022 05:20;133
20-2-2022;05:30:00;20-2-2022 05:30;127
20-2-2022;05:40:00;20-2-2022 05:40;123
20-2-2022;05:50:00;20-2-2022 05:50;118
20-2-2022;06:00:00;20-2-2022 06:00;114
20-2-2022;06:10:00;20-2-2022 06:10;110
20-2-2022;06:20:00;20-2-2022 06:20;106
20-2-2022;06:30:00;20-2-2022 06:30;101
20-2-2022;06:40:00;20-2-2022 06:40;97
20-2-2022;06:50:00;20-2-2022 06:50;91
20-2-2022;07:00:00;20-2-2022 07:00;83
20-2-2022;07:10:00;20-2-2022 07:10;75
20-2-2022;07:20:00;20-2-2022 07:20;67
20-2-2022;07:30:00;20-2-2022 07:30;56
20-2-2022;07:40:00;20-2-2022 07:40;47
20-2-2022;07:50:00;20-2-2022 07:50;35
20-2-2022;08:00:00;20-2-2022 08:00;24
20-2-2022;08:10:00;20-2-2022 08:10;12
20-2-2022;08:20:00;20-2-2022 08:20;1
20-2-2022;08:30:00;20-2-2022 08:30;-11
20-2-2022;08:40:00;20-2-2022 08:40;-23
20-2-2022;08:50:00;20-2-2022 08:50;-32
20-2-2022;09:00:00;20-2-2022 09:00;-43
20-2-2022;09:10:00;20-2-2022 09:10;-52
20-2-2022;09:20:00;20-2-2022 09:20;-60
20-2-2022;09:30:00;20-2-2022 09:30;-65
20-2-2022;09:40:00;20-2-2022 09:40;-70
20-2-2022;09:50:00;20-2-2022 09:50;-76
20-2-2022;10:00:00;20-2-2022 10:00;-77
20-2-2022;10:10:00;20-2-2022 10:10;-79
20-2-2022;10:20:00;20-2-2022 10:20;-80
20-2-2022;10:30:00;20-2-2022 10:30;-79
20-2-2022;10:40:00;20-2-2022 10:40;-76
20-2-2022;10:50:00;20-2-2022 10:50;-74
20-2-2022;11:00:00;20-2-2022 11:00;-69
20-2-2022;11:10:00;20-2-2022 11:10;-66
20-2-2022;11:20:00;20-2-2022 11:20;-62
20-2-2022;11:30:00;20-2-2022 11:30;-60
20-2-2022;11:40:00;20-2-2022 11:40;-59
20-2-2022;11:50:00;20-2-2022 11:50;-61
20-2-2022;12:00:00;20-2-2022 12:00;-63
20-2-2022;12:10:00;20-2-2022 12:10;-65
20-2-2022;12:20:00;20-2-2022 12:20;-69
20-2-2022;12:30:00;20-2-2022 12:30;-72
20-2-2022;12:40:00;20-2-2022 12:40;-76
20-2-2022;12:50:00;20-2-2022 12:50;-79
20-2-2022;13:00:00;20-2-2022 13:00;-81
20-2-2022;13:10:00;20-2-2022 13:10;-83
20-2-2022;13:20:00;20-2-2022 13:20;-85
20-2-2022;13:30:00;20-2-2022 13:30;-88
20-2-2022;13:40:00;20-2-2022 13:40;-89
20-2-2022;13:50:00;20-2-2022 13:50;-89
20-2-2022;14:00:00;20-2-2022 14:00;-89
20-2-2022;14:10:00;20-2-2022 14:10;-86
20-2-2022;14:20:00;20-2-2022 14:20;-83
20-2-2022;14:30:00;20-2-2022 14:30;-77
20-2-2022;14:40:00;20-2-2022 14:40;-69
20-2-2022;14:50:00;20-2-2022 14:50;-58
20-2-2022;15:00:00;20-2-2022 15:00;-45
20-2-2022;15:10:00;20-2-2022 15:10;-29
20-2-2022;15:20:00;20-2-2022 15:20;-10
20-2-2022;15:30:00;20-2-2022 15:30;8
20-2-2022;15:40:00;20-2-2022 15:40;31
20-2-2022;15:50:00;20-2-2022 15:50;53
20-2-2022;16:00:00;20-2-2022 16:00;73
20-2-2022;16:10:00;20-2-2022 16:10;92
20-2-2022;16:20:00;20-2-2022 16:20;107
20-2-2022;16:30:00;20-2-2022 16:30;121
20-2-2022;16:40:00;20-2-2022 16:40;127
20-2-2022;16:50:00;20-2-2022 16:50;132
20-2-2022;17:00:00;20-2-2022 17:00;134
20-2-2022;17:10:00;20-2-2022 17:10;131
20-2-2022;17:20:00;20-2-2022 17:20;128
20-2-2022;17:30:00;20-2-2022 17:30;122
20-2-2022;17:40:00;20-2-2022 17:40;118
20-2-2022;17:50:00;20-2-2022 17:50;114
20-2-2022;18:00:00;20-2-2022 18:00;112
20-2-2022;18:10:00;20-2-2022 18:10;107
20-2-2022;18:20:00;20-2-2022 18:20;105
20-2-2022;18:30:00;20-2-2022 18:30;103
20-2-2022;18:40:00;20-2-2022 18:40;99
20-2-2022;18:50:00;20-2-2022 18:50;93
20-2-2022;19:00:00;20-2-2022 19:00;86
20-2-2022;19:10:00;20-2-2022 19:10;80
20-2-2022;19:20:00;20-2-2022 19:20;73
20-2-2022;19:30:00;20-2-2022 19:30;67
20-2-2022;19:40:00;20-2-2022 19:40;59
20-2-2022;19:50:00;20-2-2022 19:50;52
20-2-2022;20:00:00;20-2-2022 20:00;44
20-2-2022;20:10:00;20-2-2022 20:10;39
20-2-2022;20:20:00;20-2-2022 20:20;34
20-2-2022;20:30:00;20-2-2022 20:30;29
20-2-2022;20:40:00;20-2-2022 20:40;24
20-2-2022;20:50:00;20-2-2022 20:50;19
20-2-2022;21:00:00;20-2-2022 21:00;16
20-2-2022;21:10:00;20-2-2022 21:10;13
20-2-2022;21:20:00;20-2-2022 21:20;10
20-2-2022;21:30:00;20-2-2022 21:30;14
20-2-2022;21:40:00;20-2-2022 21:40;24
20-2-2022;21:50:00;20-2-2022 21:50;44
20-2-2022;22:00:00;20-2-2022 22:00;50
20-2-2022;22:10:00;20-2-2022 22:10;54
20-2-2022;22:20:00;20-2-2022 22:20;58
20-2-2022;22:30:00;20-2-2022 22:30;63
20-2-2022;22:40:00;20-2-2022 22:40;63
20-2-2022;22:50:00;20-2-2022 22:50;50
20-2-2022;23:00:00;20-2-2022 23:00;36
20-2-2022;23:10:00;20-2-2022 23:10;31
20-2-2022;23:20:00;20-2-2022 23:20;30
20-2-2022;23:30:00;20-2-2022 23:30;24
20-2-2022;23:40:00;20-2-2022 23:40;18
20-2-2022;23:50:00;20-2-2022 23:50;26
21-2-2022;00:00:00;21-2-2022 00:00;26
21-2-2022;00:10:00;21-2-2022 00:10;30
21-2-2022;00:20:00;21-2-2022 00:20;32
21-2-2022;00:30:00;21-2-2022 00:30;28
21-2-2022;00:40:00;21-2-2022 00:40;31
21-2-2022;00:50:00;21-2-2022 00:50;34
21-2-2022;01:00:00;21-2-2022 01:00;35
21-2-2022;01:10:00;21-2-2022 01:10;38
21-2-2022;01:20:00;21-2-2022 01:20;42
21-2-2022;01:30:00;21-2-2022 01:30;42
21-2-2022;01:40:00;21-2-2022 01:40;46
21-2-2022;01:50:00;21-2-2022 01:50;50
21-2-2022;02:00:00;21-2-2022 02:00;50
21-2-2022;02:10:00;21-2-2022 02:10;55
21-2-2022;02:20:00;21-2-2022 02:20;62
21-2-2022;02:30:00;21-2-2022 02:30;70
21-2-2022;02:40:00;21-2-2022 02:40;79
21-2-2022;02:50:00;21-2-2022 02:50;90
21-2-2022;03:00:00;21-2-2022 03:00;102
21-2-2022;03:10:00;21-2-2022 03:10;118
21-2-2022;03:20:00;21-2-2022 03:20;132
21-2-2022;03:30:00;21-2-2022 03:30;144
21-2-2022;03:40:00;21-2-2022 03:40;159
21-2-2022;03:50:00;21-2-2022 03:50;173
21-2-2022;04:00:00;21-2-2022 04:00;188
21-2-2022;04:10:00;21-2-2022 04:10;205
21-2-2022;04:20:00;21-2-2022 04:20;220
21-2-2022;04:30:00;21-2-2022 04:30;236
21-2-2022;04:40:00;21-2-2022 04:40;248
21-2-2022;04:50:00;21-2-2022 04:50;258
21-2-2022;05:00:00;21-2-2022 05:00;263
21-2-2022;05:10:00;21-2-2022 05:10;267
21-2-2022;05:20:00;21-2-2022 05:20;263
21-2-2022;05:30:00;21-2-2022 05:30;257
21-2-2022;05:40:00;21-2-2022 05:40;252
21-2-2022;05:50:00;21-2-2022 05:50;247
21-2-2022;06:00:00;21-2-2022 06:00;240
21-2-2022;06:10:00;21-2-2022 06:10;234
21-2-2022;06:20:00;21-2-2022 06:20;230
21-2-2022;06:30:00;21-2-2022 06:30;227
21-2-2022;06:40:00;21-2-2022 06:40;225
21-2-2022;06:50:00;21-2-2022 06:50;219
21-2-2022;07:00:00;21-2-2022 07:00;211
21-2-2022;07:10:00;21-2-2022 07:10;204
21-2-2022;07:20:00;21-2-2022 07:20;194
21-2-2022;07:30:00;21-2-2022 07:30;185
21-2-2022;07:40:00;21-2-2022 07:40;173
21-2-2022;07:50:00;21-2-2022 07:50;161
21-2-2022;08:00:00;21-2-2022 08:00;152
21-2-2022;08:10:00;21-2-2022 08:10;144
21-2-2022;08:20:00;21-2-2022 08:20;134
21-2-2022;08:30:00;21-2-2022 08:30;128
21-2-2022;08:40:00;21-2-2022 08:40;122
21-2-2022;08:50:00;21-2-2022 08:50;115
21-2-2022;09:00:00;21-2-2022 09:00;107
21-2-2022;09:10:00;21-2-2022 09:10;98
21-2-2022;09:20:00;21-2-2022 09:20;87
21-2-2022;09:30:00;21-2-2022 09:30;79
21-2-2022;09:40:00;21-2-2022 09:40;72
21-2-2022;09:50:00;21-2-2022 09:50;66
21-2-2022;10:00:00;21-2-2022 10:00;63
21-2-2022;10:10:00;21-2-2022 10:10;60
21-2-2022;10:20:00;21-2-2022 10:20;60
21-2-2022;10:30:00;21-2-2022 10:30;60
21-2-2022;10:40:00;21-2-2022 10:40;57
21-2-2022;10:50:00;21-2-2022 10:50;54
21-2-2022;11:00:00;21-2-2022 11:00;52
21-2-2022;11:10:00;21-2-2022 11:10;50
21-2-2022;11:20:00;21-2-2022 11:20;48
21-2-2022;11:30:00;21-2-2022 11:30;46
21-2-2022;11:40:00;21-2-2022 11:40;45
21-2-2022;11:50:00;21-2-2022 11:50;46
21-2-2022;12:00:00;21-2-2022 12:00;50
21-2-2022;12:10:00;21-2-2022 12:10;54
21-2-2022;12:20:00;21-2-2022 12:20;57
21-2-2022;12:30:00;21-2-2022 12:30;55
21-2-2022;12:40:00;21-2-2022 12:40;53
21-2-2022;12:50:00;21-2-2022 12:50;51
21-2-2022;13:00:00;21-2-2022 13:00;46
21-2-2022;13:10:00;21-2-2022 13:10;41
21-2-2022;13:20:00;21-2-2022 13:20;38
21-2-2022;13:30:00;21-2-2022 13:30;38
21-2-2022;13:40:00;21-2-2022 13:40;42
21-2-2022;13:50:00;21-2-2022 13:50;44
21-2-2022;14:00:00;21-2-2022 14:00;46
21-2-2022;14:10:00;21-2-2022 14:10;50
21-2-2022;14:20:00;21-2-2022 14:20;50
21-2-2022;14:30:00;21-2-2022 14:30;49
21-2-2022;14:40:00;21-2-2022 14:40;50
21-2-2022;14:50:00;21-2-2022 14:50;52
21-2-2022;15:00:00;21-2-2022 15:00;54
21-2-2022;15:10:00;21-2-2022 15:10;58
21-2-2022;15:20:00;21-2-2022 15:20;65
21-2-2022;15:30:00;21-2-2022 15:30;73
21-2-2022;15:40:00;21-2-2022 15:40;85
21-2-2022;15:50:00;21-2-2022 15:50;97
21-2-2022;16:00:00;21-2-2022 16:00;106
21-2-2022;16:10:00;21-2-2022 16:10;118
21-2-2022;16:20:00;21-2-2022 16:20;132
21-2-2022;16:30:00;21-2-2022 16:30;146
21-2-2022;16:40:00;21-2-2022 16:40;160
21-2-2022;16:50:00;21-2-2022 16:50;177
21-2-2022;17:00:00;21-2-2022 17:00;194
21-2-2022;17:10:00;21-2-2022 17:10;210
21-2-2022;17:20:00;21-2-2022 17:20;225
21-2-2022;17:30:00;21-2-2022 17:30;234
21-2-2022;17:40:00;21-2-2022 17:40;240
21-2-2022;17:50:00;21-2-2022 17:50;243
21-2-2022;18:00:00;21-2-2022 18:00;241
21-2-2022;18:10:00;21-2-2022 18:10;238
21-2-2022;18:20:00;21-2-2022 18:20;235
21-2-2022;18:30:00;21-2-2022 18:30;229
21-2-2022;18:40:00;21-2-2022 18:40;225
21-2-2022;18:50:00;21-2-2022 18:50;224
21-2-2022;19:00:00;21-2-2022 19:00;220
21-2-2022;19:10:00;21-2-2022 19:10;217
21-2-2022;19:20:00;21-2-2022 19:20;215
21-2-2022;19:30:00;21-2-2022 19:30;212
21-2-2022;19:40:00;21-2-2022 19:40;209
21-2-2022;19:50:00;21-2-2022 19:50;202
21-2-2022;20:00:00;21-2-2022 20:00;194
21-2-2022;20:10:00;21-2-2022 20:10;187
21-2-2022;20:20:00;21-2-2022 20:20;178
21-2-2022;20:30:00;21-2-2022 20:30;168
21-2-2022;20:40:00;21-2-2022 20:40;154
21-2-2022;20:50:00;21-2-2022 20:50;142
21-2-2022;21:00:00;21-2-2022 21:00;130
21-2-2022;21:10:00;21-2-2022 21:10;118
21-2-2022;21:20:00;21-2-2022 21:20;105
21-2-2022;21:30:00;21-2-2022 21:30;94
21-2-2022;21:40:00;21-2-2022 21:40;82
21-2-2022;21:50:00;21-2-2022 21:50;74
21-2-2022;22:00:00;21-2-2022 22:00;66
21-2-2022;22:10:00;21-2-2022 22:10;58
21-2-2022;22:20:00;21-2-2022 22:20;50
21-2-2022;22:30:00;21-2-2022 22:30;43
21-2-2022;22:40:00;21-2-2022 22:40;38
21-2-2022;22:50:00;21-2-2022 22:50;32
21-2-2022;23:00:00;21-2-2022 23:00;28
21-2-2022;23:10:00;21-2-2022 23:10;25
21-2-2022;23:20:00;21-2-2022 23:20;25
21-2-2022;23:30:00;21-2-2022 23:30;23
21-2-2022;23:40:00;21-2-2022 23:40;20
21-2-2022;23:50:00;21-2-2022 23:50;21
22-2-2022;00:00:00;22-2-2022 00:00;20
22-2-2022;00:10:00;22-2-2022 00:10;20
22-2-2022;00:20:00;22-2-2022 00:20;21
22-2-2022;00:30:00;22-2-2022 00:30;20
22-2-2022;00:40:00;22-2-2022 00:40;20
22-2-2022;00:50:00;22-2-2022 00:50;18
22-2-2022;01:00:00;22-2-2022 01:00;17
22-2-2022;01:10:00;22-2-2022 01:10;14
22-2-2022;01:20:00;22-2-2022 01:20;12
22-2-2022;01:30:00;22-2-2022 01:30;11
22-2-2022;01:40:00;22-2-2022 01:40;9
22-2-2022;01:50:00;22-2-2022 01:50;10
22-2-2022;02:00:00;22-2-2022 02:00;8
22-2-2022;02:10:00;22-2-2022 02:10;7
22-2-2022;02:20:00;22-2-2022 02:20;9
22-2-2022;02:30:00;22-2-2022 02:30;9
22-2-2022;02:40:00;22-2-2022 02:40;12
22-2-2022;02:50:00;22-2-2022 02:50;13
22-2-2022;03:00:00;22-2-2022 03:00;14
22-2-2022;03:10:00;22-2-2022 03:10;14
22-2-2022;03:20:00;22-2-2022 03:20;16
22-2-2022;03:30:00;22-2-2022 03:30;18
22-2-2022;03:40:00;22-2-2022 03:40;18
22-2-2022;03:50:00;22-2-2022 03:50;22
22-2-2022;04:00:00;22-2-2022 04:00;25
22-2-2022;04:10:00;22-2-2022 04:10;28
22-2-2022;04:20:00;22-2-2022 04:20;33
22-2-2022;04:30:00;22-2-2022 04:30;37
22-2-2022;04:40:00;22-2-2022 04:40;44
22-2-2022;04:50:00;22-2-2022 04:50;51
22-2-2022;05:00:00;22-2-2022 05:00;59
22-2-2022;05:10:00;22-2-2022 05:10;70
22-2-2022;05:20:00;22-2-2022 05:20;85
22-2-2022;05:30:00;22-2-2022 05:30;97
22-2-2022;05:40:00;22-2-2022 05:40;111
22-2-2022;05:50:00;22-2-2022 05:50;125
22-2-2022;06:00:00;22-2-2022 06:00;134
22-2-2022;06:10:00;22-2-2022 06:10;140
22-2-2022;06:20:00;22-2-2022 06:20;143
22-2-2022;06:30:00;22-2-2022 06:30;140
22-2-2022;06:40:00;22-2-2022 06:40;136
22-2-2022;06:50:00;22-2-2022 06:50;132
22-2-2022;07:00:00;22-2-2022 07:00;124
22-2-2022;07:10:00;22-2-2022 07:10;120
22-2-2022;07:20:00;22-2-2022 07:20;116
22-2-2022;07:30:00;22-2-2022 07:30;111
22-2-2022;07:40:00;22-2-2022 07:40;107
22-2-2022;07:50:00;22-2-2022 07:50;101
22-2-2022;08:00:00;22-2-2022 08:00;93
22-2-2022;08:10:00;22-2-2022 08:10;85
22-2-2022;08:20:00;22-2-2022 08:20;74
22-2-2022;08:30:00;22-2-2022 08:30;63
22-2-2022;08:40:00;22-2-2022 08:40;52
22-2-2022;08:50:00;22-2-2022 08:50;41
22-2-2022;09:00:00;22-2-2022 09:00;29
22-2-2022;09:10:00;22-2-2022 09:10;19
22-2-2022;09:20:00;22-2-2022 09:20;7
22-2-2022;09:30:00;22-2-2022 09:30;-4
22-2-2022;09:40:00;22-2-2022 09:40;-16
22-2-2022;09:50:00;22-2-2022 09:50;-29
22-2-2022;10:00:00;22-2-2022 10:00;-41
22-2-2022;10:10:00;22-2-2022 10:10;-52
22-2-2022;10:20:00;22-2-2022 10:20;-64
22-2-2022;10:30:00;22-2-2022 10:30;-76
22-2-2022;10:40:00;22-2-2022 10:40;-84
22-2-2022;10:50:00;22-2-2022 10:50;-91
22-2-2022;11:00:00;22-2-2022 11:00;-98
22-2-2022;11:10:00;22-2-2022 11:10;-102
22-2-2022;11:20:00;22-2-2022 11:20;-105
22-2-2022;11:30:00;22-2-2022 11:30;-107
22-2-2022;11:40:00;22-2-2022 11:40;-106
22-2-2022;11:50:00;22-2-2022 11:50;-105
22-2-2022;12:00:00;22-2-2022 12:00;-103
22-2-2022;12:10:00;22-2-2022 12:10;-103
22-2-2022;12:20:00;22-2-2022 12:20;-102
22-2-2022;12:30:00;22-2-2022 12:30;-100
22-2-2022;12:40:00;22-2-2022 12:40;-100
22-2-2022;12:50:00;22-2-2022 12:50;-96
22-2-2022;13:00:00;22-2-2022 13:00;-95
22-2-2022;13:10:00;22-2-2022 13:10;-95
22-2-2022;13:20:00;22-2-2022 13:20;-94
22-2-2022;13:30:00;22-2-2022 13:30;-94
22-2-2022;13:40:00;22-2-2022 13:40;-97
22-2-2022;13:50:00;22-2-2022 13:50;-99
22-2-2022;14:00:00;22-2-2022 14:00;-102
22-2-2022;14:10:00;22-2-2022 14:10;-106
22-2-2022;14:20:00;22-2-2022 14:20;-109
22-2-2022;14:30:00;22-2-2022 14:30;-113
22-2-2022;14:40:00;22-2-2022 14:40;-116
22-2-2022;14:50:00;22-2-2022 14:50;-116
22-2-2022;15:00:00;22-2-2022 15:00;-116
22-2-2022;15:10:00;22-2-2022 15:10;-115
22-2-2022;15:20:00;22-2-2022 15:20;-108
22-2-2022;15:30:00;22-2-2022 15:30;-106
22-2-2022;15:40:00;22-2-2022 15:40;-102
22-2-2022;15:50:00;22-2-2022 15:50;-98
22-2-2022;16:00:00;22-2-2022 16:00;-92
22-2-2022;16:10:00;22-2-2022 16:10;-85
22-2-2022;16:20:00;22-2-2022 16:20;-76
22-2-2022;16:30:00;22-2-2022 16:30;-66
22-2-2022;16:40:00;22-2-2022 16:40;-55
22-2-2022;16:50:00;22-2-2022 16:50;-36
22-2-2022;17:00:00;22-2-2022 17:00;-14
22-2-2022;17:10:00;22-2-2022 17:10;8
22-2-2022;17:20:00;22-2-2022 17:20;34
22-2-2022;17:30:00;22-2-2022 17:30;61
22-2-2022;17:40:00;22-2-2022 17:40;85
22-2-2022;17:50:00;22-2-2022 17:50;104
22-2-2022;18:00:00;22-2-2022 18:00;121
22-2-2022;18:10:00;22-2-2022 18:10;131
22-2-2022;18:20:00;22-2-2022 18:20;135
22-2-2022;18:30:00;22-2-2022 18:30;135
22-2-2022;18:40:00;22-2-2022 18:40;132
22-2-2022;18:50:00;22-2-2022 18:50;126
22-2-2022;19:00:00;22-2-2022 19:00;117
22-2-2022;19:10:00;22-2-2022 19:10;109
22-2-2022;19:20:00;22-2-2022 19:20;103
22-2-2022;19:30:00;22-2-2022 19:30;98
22-2-2022;19:40:00;22-2-2022 19:40;94
22-2-2022;19:50:00;22-2-2022 19:50;90
22-2-2022;20:00:00;22-2-2022 20:00;90
22-2-2022;20:10:00;22-2-2022 20:10;88
22-2-2022;20:20:00;22-2-2022 20:20;84
22-2-2022;20:30:00;22-2-2022 20:30;81
22-2-2022;20:40:00;22-2-2022 20:40;76
22-2-2022;20:50:00;22-2-2022 20:50;71
22-2-2022;21:00:00;22-2-2022 21:00;66
22-2-2022;21:10:00;22-2-2022 21:10;62
22-2-2022;21:20:00;22-2-2022 21:20;57
22-2-2022;21:30:00;22-2-2022 21:30;53
22-2-2022;21:40:00;22-2-2022 21:40;49
22-2-2022;21:50:00;22-2-2022 21:50;45
22-2-2022;22:00:00;22-2-2022 22:00;42
22-2-2022;22:10:00;22-2-2022 22:10;40
22-2-2022;22:20:00;22-2-2022 22:20;36
22-2-2022;22:30:00;22-2-2022 22:30;34
22-2-2022;22:40:00;22-2-2022 22:40;32
22-2-2022;22:50:00;22-2-2022 22:50;29
22-2-2022;23:00:00;22-2-2022 23:00;29
22-2-2022;23:10:00;22-2-2022 23:10;27
22-2-2022;23:20:00;22-2-2022 23:20;24
22-2-2022;23:30:00;22-2-2022 23:30;23
22-2-2022;23:40:00;22-2-2022 23:40;22
22-2-2022;23:50:00;22-2-2022 23:50;16
