"hx","exp1","exp2","exp3","exp4","exp5","exp6","exp7","exp8","exp9","exp10","exp11","exp12"
300,0.914840100610852,0.898488120950324,0.856719733432062,0.728961114335461,0.915347376684548,0.902471432367792,0.868776077885953,0.750941910813699,0.917647617239415,0.909382570549335,0.876058989645435,0.769795740982182
301,0.870643190801294,0.862730981521478,0.826730840429471,0.706326175275682,0.881329320947272,0.873859509256799,0.844089012517385,0.731260192318506,0.886320486045187,0.883127087016303,0.85341491475787,0.750717079530639
302,0.839741286381603,0.836333093352532,0.805997778600518,0.689640162507255,0.850713070783724,0.847993622110019,0.821974965229485,0.713434178710004,0.854044047845073,0.855725790610882,0.829463445246313,0.730856149500217
303,0.814947897951851,0.814734821214303,0.786745649759348,0.673969820081254,0.815386628287322,0.817432899282487,0.796036161335188,0.692515323623686,0.823144104803493,0.828586394290578,0.806505595648991,0.711864406779661
304,0.787639238232124,0.788576913846892,0.76360607182525,0.656413232733604,0.783854507392385,0.792187084772788,0.77461752433936,0.675251644829331,0.791769508258971,0.801545210502193,0.783077083987031,0.692416340721425
305,0.754581386992454,0.759779217662587,0.738059977786005,0.635519442832269,0.75088316106241,0.764372397909469,0.751390820584145,0.656244728111117,0.764049743687108,0.777319452628822,0.761975734755779,0.674728378965667
306,0.72403880704276,0.733141348692105,0.714365049981488,0.616221706326175,0.723014523093026,0.741606873948091,0.731432545201669,0.639149749761008,0.738181127776723,0.754010345053362,0.741606526513963,0.657692307692308
307,0.695652173913043,0.707943364530838,0.692891521658645,0.598955310504933,0.693706659688604,0.717601204712552,0.710083449235049,0.621548670078165,0.71046136320486,0.72991553722255,0.720557473067671,0.640243372446762
308,0.668343514193317,0.684665226781857,0.674379859311366,0.585026117237377,0.66531466701557,0.692975462839933,0.688247566063978,0.603666422988247,0.680795519270932,0.704249328881032,0.69731199665307,0.620686657974794
309,0.644268774703557,0.662826973842093,0.655868196964087,0.570081253627394,0.638361899777574,0.668969793604394,0.667315716272601,0.587190012933701,0.655116764761724,0.681267596411969,0.677308858905972,0.603759235115167
310,0.62199065756378,0.642188624910007,0.63680118474639,0.554120719674986,0.610100745780453,0.643015324652316,0.644019471488178,0.567620761401338,0.628536168596924,0.657336476134355,0.656102918104801,0.586440677966102
311,0.600071864893999,0.619870410367171,0.61754905590522,0.538450377248984,0.587465654847573,0.621844273186288,0.62461752433936,0.552044087049429,0.602287829884185,0.634092843580174,0.635602970400586,0.569534984789222
312,0.572763205174272,0.592032637389009,0.593298778230285,0.518136970400464,0.564045531859218,0.599964567277881,0.60452016689847,0.535511443513468,0.578412758686159,0.611569436260067,0.615939755255726,0.553085614950022
313,0.550844412504492,0.57331413486921,0.576453165494261,0.504497968659315,0.54049457019495,0.57790769775888,0.58518776077886,0.519091266940336,0.554205430036074,0.589340666535717,0.596198096433427,0.536810082572794
314,0.527128997484729,0.55123590112791,0.557015920029619,0.488827626233314,0.518775349993458,0.55647090087696,0.565924895688456,0.503177191699938,0.532371368900702,0.568519609768873,0.577188578600565,0.5206431986093
315,0.50700682716493,0.53083753299736,0.538689374305813,0.473737666860128,0.496794452440141,0.536628576490389,0.547148817802503,0.487769217792274,0.509682931460034,0.547829503044589,0.55864972283234,0.505084745762712
316,0.483291412145167,0.510919126469882,0.520918178452425,0.45937318630296,0.47507523223865,0.515900434050846,0.528929068150209,0.471967609514705,0.48803873172584,0.526910233745826,0.539247986612279,0.489243807040417
317,0.464606539705354,0.490280777537797,0.50129581636431,0.442832269297737,0.457673688342274,0.498184072991408,0.513212795549374,0.459090142270708,0.467296373647238,0.507365939893931,0.521336680263571,0.474098218166015
318,0.445203018325548,0.470602351811855,0.48407997038134,0.429193267556587,0.436608661520345,0.478518912215431,0.495827538247566,0.444750604509925,0.447313461173343,0.487396058403719,0.503268486559983,0.458778791829639
319,0.424362199065756,0.450443964482841,0.466308774527953,0.414538595473012,0.418552924244407,0.461954114624856,0.479624478442281,0.431367035933195,0.429086766660338,0.470143390296602,0.487396715824705,0.445328118209474
320,0.412145167085879,0.434605231581473,0.451869677897075,0.403221125943122,0.400235509616643,0.44414917176012,0.462726008344924,0.417421132542316,0.411192329599392,0.452563347083088,0.471054283024788,0.43129074315515
321,0.395616241466044,0.419486441084713,0.436875231395779,0.39103308183401,0.380609708229753,0.426609974311276,0.446036161335188,0.403868863521341,0.393487753939624,0.43534341648661,0.454921033364711,0.417731421121252
322,0.379446640316206,0.402927765778738,0.420214735283228,0.377394080092861,0.361245584194688,0.408450704225352,0.429624478442281,0.390147894056121,0.377112208088096,0.418778236102927,0.438238677962556,0.403672316384181
323,0.363277039166367,0.386849052075834,0.404109589041096,0.364915844457342,0.345544943085176,0.392771724687749,0.415159944367177,0.377945228589102,0.361258781089804,0.403096968506515,0.423020604539274,0.390938722294655
324,0.347107438016529,0.37197024238061,0.388744909292855,0.352872896111434,0.331545204762528,0.378687217645496,0.400556328233658,0.365855030084913,0.345690146193279,0.387415700910103,0.408743855245267,0.379009126466754
325,0.330937836866691,0.355171586273098,0.372454646427249,0.339814277423099,0.312704435431113,0.360527947559571,0.384492350486787,0.352358994545352,0.330975887602051,0.372356446015845,0.394911620123418,0.367057800956106
326,0.314408911246856,0.340292776577874,0.358941132913736,0.329222286709228,0.294779536831087,0.34228009566835,0.367663421418637,0.338413091154473,0.315502183406114,0.356085903227919,0.379536659345257,0.354280747501087
327,0.303629177146964,0.328053755699544,0.348204368752314,0.321387115496228,0.281695669239827,0.328284170431393,0.354589707927677,0.32756002924141,0.301167647617239,0.341746873567734,0.366070494718126,0.342633637548892
328,0.292849443047072,0.31725461963043,0.337652721214365,0.311810795124782,0.268350124296742,0.315351226858003,0.342280945757997,0.316706967328347,0.285504082020125,0.326949518758594,0.35153226649932,0.330073880921339
329,0.278835788717212,0.304295656347492,0.325805257312107,0.301508995937319,0.257359675520084,0.303392683142882,0.329972183588317,0.306135072822358,0.272118853237137,0.313658089438879,0.339059721786424,0.319274228596263
330,0.26697808120733,0.293496520278378,0.314328026656794,0.292513058618688,0.245845872039775,0.291434139427762,0.317524339360223,0.29545071135354,0.25963546610974,0.300072022523407,0.325672000836733,0.307757496740548
331,0.253683075817463,0.278857691384689,0.300444279896335,0.280760301799187,0.234724584587204,0.278678359464966,0.30528511821975,0.285272451217455,0.247721663185874,0.287631768480325,0.313565526618555,0.297153411560191
332,0.24398131512756,0.270218382529398,0.291743798593114,0.272925130586187,0.224519167866021,0.266276906723359,0.292837273991655,0.274869257155711,0.235095880007594,0.274176651607412,0.301092981905658,0.286462407648848
333,0.231404958677686,0.258939284857211,0.281377267678638,0.263784097504353,0.213659557765275,0.255027017450616,0.282058414464534,0.266321767980656,0.223799126637555,0.262325672755844,0.289666352891957,0.276205997392438
334,0.218109953287819,0.245260379169666,0.268048870788597,0.252901915264074,0.20384665707183,0.244397200814953,0.271696801112656,0.257324410954282,0.212359977216632,0.250311006351077,0.278265871770735,0.266492829204694
335,0.207689543657923,0.234461243100552,0.257312106627175,0.243615786419037,0.192987046971085,0.233944547789884,0.261891515994437,0.248608221334983,0.201870134801595,0.239114777712303,0.266603911724715,0.256040851803564
336,0.19798778296802,0.225341972642189,0.24768604220659,0.235055136390017,0.183566662305377,0.223580476570112,0.251808066759388,0.240060732159928,0.193231441048035,0.229784587179991,0.257112226754524,0.247848761408083
337,0.185052102048149,0.212383009359251,0.236023694927805,0.224172954149739,0.175323825722884,0.213747896182124,0.241376912378303,0.231063375133555,0.184070628441238,0.22029070909448,0.247385210752013,0.239091699261191
338,0.173913043478261,0.203023758099352,0.22639763050722,0.215902495647127,0.167735182519953,0.204889715652405,0.232753824756606,0.223528088623967,0.173485855325612,0.210109343285537,0.237056793222466,0.229986962190352
339,0.168523176428315,0.194624430045596,0.216956682710107,0.20821242019733,0.159230668585634,0.194437062627336,0.222531293463143,0.214868132486082,0.165084488323524,0.201073790348982,0.227486664574835,0.221642764015645
340,0.158462091268415,0.18334533237341,0.206219918548686,0.198200812536274,0.152819573465917,0.18832491806183,0.215299026425591,0.208457515604791,0.156825517372318,0.192070974923067,0.21864867691664,0.213885267275098
341,0.15199425080848,0.177345812335013,0.199000370233247,0.191816598955311,0.144838414235248,0.179112410310922,0.206258692628651,0.20030366079964,0.148803873172584,0.182838996922674,0.209261583516369,0.205867014341591
342,0.142651814588573,0.167506599472042,0.189559422436135,0.183691236215902,0.139604867198744,0.172823102134822,0.198609179415855,0.19344317606703,0.141351813176381,0.174458194198913,0.200972701600251,0.198392003476749
343,0.133668702838663,0.160547156227502,0.183820807108478,0.178177597214161,0.132147062671726,0.164762157852777,0.19019471488178,0.185851656076028,0.13380482247959,0.166044653964513,0.192474636544295,0.191047370708388
344,0.126122888968739,0.151427885769138,0.174009626064421,0.170342426001161,0.125212612848358,0.156966958986624,0.182336578581363,0.178766237417759,0.126732485285741,0.158253126432266,0.184839451940174,0.184093872229465
345,0.120373697448796,0.143508519318455,0.165864494631618,0.162362159024956,0.120371581839592,0.151031978031712,0.17538247566064,0.17319912275769,0.119707613442187,0.150068748772343,0.176681309486455,0.176597131681877
346,0.112109234638879,0.135349172066235,0.157719363198815,0.155832849680789,0.112652099960748,0.143945433607937,0.168428372739917,0.166507338469325,0.112967533700399,0.142506383814575,0.168889237527455,0.169600173837462
347,0.106360043118936,0.129589632829374,0.151610514624213,0.150464306442252,0.106241004841031,0.136770307378864,0.160848400556328,0.159309452848226,0.106132523258022,0.134714856282328,0.160940278213576,0.162364189482834
348,0.0998922026590011,0.122630189584833,0.144576082932247,0.144370284387696,0.100745780452702,0.131012490034547,0.154450625869263,0.153573637743913,0.10024681982153,0.12813461664375,0.154481748771049,0.156540634506736
349,0.0930650377290694,0.115430765538757,0.136245834875972,0.136970400464306,0.0942038466570718,0.124634600053149,0.148122392211405,0.147781589158185,0.0949307005885703,0.122601977345643,0.148572325070599,0.150999565406345
350,0.0880344951491197,0.108711303095752,0.12884116993706,0.130005803830528,0.089231976972393,0.118345291877048,0.141585535465925,0.141877073609627,0.0887602050503132,0.115890787664506,0.141564689885995,0.144784876140808
351,0.0819259791591808,0.101751859851212,0.121991854868567,0.124637260591991,0.0836059139081512,0.112144565506245,0.134840055632823,0.136197491986729,0.0832067590658819,0.108524847770575,0.133877209496915,0.1377444589309
352,0.0790513833992095,0.0962323014158867,0.116068122917438,0.119994196169472,0.0790265602512102,0.10629816635663,0.128442280945758,0.13063037732666,0.0785076893867477,0.103385058600144,0.128150821043824,0.132464146023468
353,0.0740208408192597,0.0911927045836333,0.111440207330618,0.115931514799768,0.0740546905665315,0.10062893081761,0.122809457579972,0.125569363999325,0.0739510157584963,0.0978196817913966,0.122319841020814,0.127270751847023
354,0.0682716492993173,0.0854331653467723,0.106071825249907,0.110853163087638,0.0698678529373282,0.095048277083887,0.117176634214186,0.120677051116235,0.0700113916840707,0.0928763176848032,0.116933375169961,0.122294654498044
355,0.0639597556593604,0.0808735301175906,0.101258793039615,0.106355194428323,0.0660735313358629,0.0899105323766498,0.111891515994437,0.116065905640218,0.0660717676096449,0.088456753748445,0.112252902416065,0.117948717948718
356,0.0582105641394179,0.0739140868730501,0.0947797112180674,0.100116076610563,0.0620175323825722,0.0846842058641155,0.105632823365786,0.110217623573075,0.0620372128346307,0.0838080272376088,0.107310950737371,0.113385484571925
357,0.0549766439094502,0.0705543556515479,0.0905220288781933,0.0964886825304702,0.0587465654847573,0.0808751882363362,0.101808066759388,0.106731147725356,0.0581925194607936,0.0790610881948537,0.101819893316599,0.108474576271186
358,0.0524613726194754,0.0676745860331174,0.0875601629026287,0.0934416715031922,0.0556064372628549,0.0768890069979626,0.0979833101529902,0.102907270989147,0.0543952914372509,0.0750671118968114,0.097453195272461,0.104302477183833
359,0.0495867768595041,0.0640748740100792,0.0827471306923362,0.0887986070806732,0.0519429543373021,0.0725484985384002,0.0924200278164117,0.0976775572175673,0.0505505980634137,0.070123747790218,0.0920667294216087,0.0995654063450674
360,0.0470715055695293,0.0599952003839693,0.0784894483524621,0.0850261172373766,0.0491953421431375,0.0690052263265125,0.0881780250347706,0.0938536804813586,0.0476077463451681,0.0661625090028154,0.087700031377471,0.0952629291612342
361,0.0445562342795545,0.0573554115670747,0.075897815623843,0.0821242019733024,0.0465785686248855,0.065550535919922,0.0845618915159945,0.0905359050778833,0.0445224985760395,0.0625286453218097,0.0834640727957326,0.0911777488048674
362,0.0420409629895796,0.0544756419486441,0.0725657164013328,0.0784968078932096,0.0439617951066336,0.0618301000974399,0.0796244784422809,0.0858122926390373,0.0419119043098538,0.0594513193216788,0.0795157410312729,0.08748370273794
363,0.0377290693496227,0.0506359491240701,0.0686782673084043,0.0744341265235056,0.0408216668847311,0.0585525733014439,0.0760083449235048,0.082494517235562,0.0388741218910196,0.0562430432789891,0.0756458529442527,0.0838113863537593
364,0.0352137980596479,0.0477561795056396,0.0651610514624213,0.07109692396982,0.0383357320423917,0.055806537337231,0.0723922114047287,0.0791767418320868,0.0360736662236567,0.0530347672362994,0.0717498169647527,0.080160799652325
365,0.0312612288896874,0.0443964482841372,0.06108848574602,0.0673244341265236,0.034672249116839,0.0519975197094517,0.0680111265646731,0.075015464207389,0.0338902601101196,0.0505139789170431,0.0686120698671687,0.0769882659713168
366,0.0294646065397054,0.0427165826733862,0.0586819696408738,0.065002901915264,0.03270966897815,0.0489857383293472,0.0643254520166898,0.071641455322499,0.0315644579456996,0.0473384403849931,0.0653697311996653,0.073794002607562
367,0.0262306863097377,0.0403167746580274,0.0555349870418363,0.061955890887986,0.0308779275153735,0.0461511205598371,0.0610570236439499,0.0687173142889276,0.0297607746345168,0.0447521770444576,0.0622058362096015,0.0707953063885267
368,0.0247933884297521,0.0386369090472762,0.0538689374305813,0.059924550203134,0.0291770247285097,0.0436708300115156,0.0579276773296244,0.0660181071810155,0.0275773685209797,0.0420349636613632,0.0590942370044975,0.0679487179487179
369,0.0219187926697808,0.0362371010319175,0.0503517215845983,0.0573128264654672,0.0278686379693838,0.0414562848790858,0.0547983310152991,0.0629814991846145,0.0255838238086197,0.0391868002357101,0.0557996025520343,0.0647979139504563
370,0.0208408192597916,0.0347972162227022,0.0481303221029249,0.054846198491004,0.0264294125343452,0.0395960669678448,0.0521557719054242,0.0603947590395322,0.0238276058477311,0.036862436980292,0.0529756301642088,0.0620165145588875
371,0.0194035213798059,0.0319174466042716,0.0446131062569419,0.0515089959373186,0.024859348423394,0.0371157764195235,0.049095966620306,0.0574143845245459,0.0215967343838998,0.0340797485759183,0.049785587281665,0.0589091699261191
372,0.0190441969098095,0.0302375809935205,0.0423917067752684,0.049332559489263,0.0232892843124427,0.0349012312870937,0.0465924895688457,0.0551650452679525,0.0200778431744826,0.0320172854056178,0.0472492417111181,0.0563450673620165
373,0.0176068990298239,0.0285577153827694,0.0401703072935949,0.0471561230412072,0.0218500588774042,0.0329524315705554,0.0443671766342142,0.0528032390485295,0.0186064173153598,0.0298238721927585,0.0445037130007322,0.053715775749674
374,0.0150916277398491,0.0251979841612671,0.0364679748241392,0.044254207777133,0.01962580138689,0.0301178138010453,0.0417941585535466,0.0501602654220322,0.0176096449591798,0.0280233091075754,0.0422288463549838,0.0513472403302911
375,0.0132950053898671,0.0232781377489801,0.0344316919659385,0.0420777713290772,0.0188407693314143,0.028611923110993,0.040125173852573,0.0483607940167575,0.0165179419024113,0.02648464610751,0.0399278318167555,0.0490873533246414
376,0.0132950053898671,0.0211183105351572,0.0325805257312106,0.0403366221706326,0.0174015438963757,0.0270174506156435,0.0381780250347705,0.0463926221672384,0.015141446743877,0.0245531329797682,0.0376268172785273,0.0466753585397653
377,0.0129356809198706,0.0196784257259419,0.0303591262495372,0.0383052814857806,0.0162239958131624,0.0252458145096998,0.0361613351877608,0.0442557498734747,0.0137649515853427,0.0227853074052249,0.0354303943102185,0.0444372012168622
378,0.0125763564498742,0.0189584833213343,0.0283228433913365,0.036564132327336,0.0146539317022112,0.0232970147931615,0.0342141863699583,0.0425125119496148,0.0128156445794569,0.0214758069796372,0.0336261897291078,0.0426119078661451
379,0.0122170319798778,0.0179985601151907,0.027027027027027,0.0352582704585026,0.0134763836189977,0.0219682877137036,0.0327538247566064,0.0411066749142439,0.0123409910765141,0.0201990440646893,0.0319788725028762,0.0407648848326815
380,0.0122170319798778,0.0177585793136549,0.0268419104035542,0.0349680789320952,0.0126913515635222,0.0199309061918682,0.0303894297635605,0.0388573356576506,0.011818872223277,0.0190532311923002,0.0301746679217655,0.0390047805302043
381,0.0100610851598993,0.0160787137029038,0.0253609774157719,0.0320661636680208,0.0116446421562214,0.0186907609177075,0.0285118219749653,0.036664229882472,0.0112492880197456,0.0176782557454331,0.0282135759857756,0.0369839200347675
382,0.00826446280991733,0.013678905687545,0.0231395779340985,0.0301799187463726,0.0108596101007458,0.0173620338382496,0.0266342141863699,0.0346960580329528,0.0100626542623885,0.0162378052772867,0.0262524840497856,0.034941329856584
383,0.0079051383399209,0.0129589632829373,0.0216586449463162,0.0287289611143354,0.0103362553970954,0.0167419612011693,0.0255910987482615,0.0335713884046561,0.00987279286121134,0.0155503175538532,0.0251281246731514,0.0336375488917862
384,0.00718648939992816,0.011759059275258,0.0201777119585339,0.0277132907719094,0.00968206201753241,0.0157675613429001,0.0244784422809458,0.0321093178878704,0.00949307005885702,0.0145681922346624,0.0238991737265977,0.0322251195132551
385,0.00646784045993531,0.0105591552675786,0.0186967789707516,0.026407428903076,0.00902786863796934,0.0148817432899282,0.0232962447844228,0.0307597143339144,0.00901841655591418,0.0136515419367511,0.0225394833176445,0.0308996088657105
386,0.00610851598993889,0.0100791936645068,0.0179563124768605,0.0256819500870574,0.00837367525840638,0.0137301798210647,0.0216968011126565,0.0291289433728842,0.00844883235238281,0.0128658416813986,0.02149356761845,0.0296610169491526
387,0.00538986704994615,0.00887928965682749,0.0162902628656053,0.0240858966918166,0.00771948187884341,0.0126671981574985,0.0205146036161336,0.0275544058932689,0.00806910955002849,0.0121456164473254,0.0200815814245372,0.0281833985223816
388,0.00538986704994615,0.00863930885529163,0.0159200296186598,0.0232153221125944,0.00706528849928034,0.0118699619098237,0.0194019471488178,0.0262048023393128,0.00735712929561416,0.011228966149414,0.018748038908064,0.0267275097783573
389,0.00503054257994973,0.00815934725221978,0.0151795631247686,0.0226349390597794,0.00667277247154263,0.0108069802462574,0.0181502086230876,0.0249114322667716,0.00674007974178847,0.0105414784259805,0.0177544189938291,0.0255758365927857
390,0.0046712181099533,0.00743940484761219,0.0138837467604591,0.0211839814277424,0.00601857909197956,0.00992116219328554,0.0168984700973575,0.0236180621942305,0.00626542623884563,0.00975577817062789,0.0166823554021546,0.0243155149934811
391,0.00395256916996045,0.00695944324454045,0.0133283968900407,0.0201683110853164,0.00510270836059135,0.00894676233501634,0.0159248956884562,0.0223809256031041,0.00598063413707994,0.00933019053231188,0.0157933270578391,0.0232290308561495
392,0.00395256916996045,0.00599952003839688,0.012217697149204,0.019297736506094,0.00484103100876621,0.00832668969793604,0.0148817802503477,0.0213124894562222,0.00564837668501994,0.00877365285143716,0.0149565944984834,0.0222294654498044
393,0.00359324469996403,0.00551955843532514,0.0118474639022584,0.0185722576900754,0.00471019233285364,0.00806094428204451,0.0141863699582754,0.0204127537535849,0.00498386178089993,0.00792247757480524,0.0139629745842486,0.0209474141677531
394,0.00287459575997129,0.00479961603071755,0.0109218807848945,0.0175565873476494,0.00405599895329056,0.00699796261847818,0.0131432545201668,0.0192880841252882,0.00455667362825141,0.00752962744712893,0.0133354251647317,0.020013037809648
395,0.00215594681997844,0.00431965442764581,0.0101814142910033,0.0165409170052234,0.00379432160146542,0.00655505359199215,0.0125173852573018,0.0186132823483102,0.0042244161761914,0.00707130229817321,0.0127078757452149,0.0192090395480226
396,0.00215594681997844,0.00431965442764581,0.0101814142910033,0.016250725478816,0.00314012822190235,0.00593498095491185,0.0116133518776078,0.017657313164258,0.00403455477501424,0.0065802396385779,0.0120803263256981,0.0184919600173837
397,0.00179662234998201,0.00383969282457408,0.009626064420585,0.0158154381892048,0.00314012822190235,0.00593498095491185,0.0114047287899861,0.017319912275769,0.00374976267324856,0.00612191448962218,0.0113481853362619,0.0176879617557584
398,0.00107797340998927,0.00335973122150224,0.00907071455016661,0.0146546720835752,0.00287845087007721,0.00566923553902032,0.0109874826147427,0.0168138109430355,0.00346497057148287,0.00582727689386497,0.0109559669490639,0.0170143415906128
399,0.00071864893999285,0.00335973122150224,0.00870048130322099,0.014219384793964,0.00274761219416464,0.00513774470723716,0.0102225312934632,0.0159703087218129,0.00332257452059992,0.00553263929810777,0.0104330090994665,0.0163624511082138
400,0.00071864893999285,0.00311975041996637,0.00796001480932984,0.0134939059779454,0.00248593484233939,0.00460625387545399,0.00945757997218355,0.0150705730191756,0.00308524776912855,0.00510705165979175,0.00964857232507055,0.0155584528465884
401,0.00071864893999285,0.00287976961843051,0.00777489818585708,0.0130586186883344,0.00209341881460157,0.00416334484896808,0.00869262865090403,0.0142270707979532,0.00294285171824571,0.00484515157467424,0.00915176236795312,0.0149282920469361
402,0.00071864893999285,0.00263978881689464,0.00758978156238432,0.0124782356355194,0.001962580138689,0.00389759943307644,0.00799721835883171,0.0131024011696564,0.00265805961648002,0.00441956393635823,0.00862880451835579,0.0142764015645371
403,0.00071864893999285,0.00239980801535877,0.00684931506849318,0.0118978525827046,0.001962580138689,0.00363185401718491,0.00771905424200281,0.0125400663555081,0.00237326751471423,0.00409218882996132,0.00807969877627868,0.013754889178618
404,0.00071864893999285,0.00215982721382291,0.00666419844502031,0.0117527568195008,0.001962580138689,0.00354327221188766,0.0073713490959666,0.0122026654670191,0.00218340611353707,0.00383028874484381,0.00763518460412094,0.0132116471099522
405,0.00071864893999285,0.00215982721382291,0.00647908182154755,0.0113174695298898,0.00183174146277643,0.00336610860129327,0.00702364394993049,0.011527863690041,0.00208847541294854,0.00366660119164541,0.00724296621692289,0.0125162972620599
406,0.00071864893999285,0.00191984641228704,0.00610884857460203,0.0105919907138712,0.0014392254350386,0.00310036318540174,0.00674547983310148,0.0110217623573076,0.00199354471236002,0.00360112617036601,0.00703378307708402,0.012103433289874
407,0.00071864893999285,0.00167986561075117,0.00592373195112916,0.0103017991874638,0.00117754808321335,0.00256887235361858,0.00618915159944367,0.010515661024574,0.00189861401177138,0.00337196359588821,0.00669386047484577,0.0115167318557149
408,0.00071864893999285,0.00167986561075117,0.00555349870418365,0.00986651189785259,0.00117754808321335,0.00239170874302419,0.00598052851182196,0.0100095596918405,0.00170875261059422,0.0032082760426897,0.00656312101244638,0.0111907866145154
409,0.000359324469996425,0.00143988480921531,0.00555349870418365,0.00986651189785259,0.00117754808321335,0.00230312693772694,0.00570236439499305,0.0097283922847663,0.0016138219100057,0.00294637595757219,0.00614475473276854,0.010625814863103
410,0.000359324469996425,0.00143988480921531,0.00555349870418365,0.00928612884503777,0.00117754808321335,0.0022145451324298,0.00535465924895684,0.0093909913962773,0.00147142585912285,0.00274995089373409,0.0057002405606108,0.0100608431116905
411,0.000359324469996425,0.000959923206143465,0.00536838208071089,0.00899593731863024,0.00104670940730078,0.00212596332713255,0.00479833101529903,0.00905359050778831,0.00132902980824001,0.00261900085117528,0.00541261374333224,0.00951760104302479
412,0,0.000719942404607599,0.00499814883376526,0.00870574579222283,0.000915870731388213,0.00203738152183541,0.00445062586926281,0.00860372265646969,0.00118663375735717,0.00242257578733718,0.00515113481853358,0.00908300738809209
413,0,0.000719942404607599,0.0048130322102925,0.00841555426581542,0.000654193379562962,0.00194879971653827,0.00424200278164122,0.00821008828656578,0.00118663375735717,0.00238983827669748,0.00494195167869471,0.00884398087787919
414,0,0.000719942404607599,0.00462791558681974,0.00841555426581542,0.000654193379562962,0.00194879971653827,0.00417246175243391,0.00798515436090652,0.00113916840706285,0.00235710076605777,0.00470662064637595,0.00845284658843981
415,0,0.000479961603071732,0.00444279896334687,0.00827045850261177,0.000523354703650392,0.00168305430064664,0.003894297635605,0.00747905302817298,0.000996772356180009,0.00225888823413867,0.00449743750653697,0.00814863102998697
416,0,0.000479961603071732,0.00425768233987411,0.00769007544979683,0.000392516027737821,0.00168305430064664,0.0037552155771905,0.00731035258392843,0.000949307005885691,0.00196425063838146,0.00415751490429872,0.00777922642329421
417,0,0.000239980801535866,0.00407256571640136,0.00754497968659318,0.000392516027737821,0.0015944724953495,0.00347705146036159,0.00697295169543943,0.000949307005885691,0.00183330059582265,0.00389603597950006,0.00738809213385483
418,0,0.000239980801535866,0.00407256571640136,0.00725478816018577,0.000392516027737821,0.00150589069005225,0.00333796940194719,0.00680425125119499,0.000901841655591373,0.00180056308518295,0.00368685283966108,0.00704041720990878
419,0,0.000239980801535866,0.00407256571640136,0.007109692396982,0.000392516027737821,0.00150589069005225,0.00326842837273988,0.00680425125119499,0.000759445604708531,0.00166961304262425,0.00347766969982222,0.00669274228596262
420,0,0.000239980801535866,0.0038874490929286,0.00667440510737083,0.000392516027737821,0.00141730888475511,0.00299026425591098,0.00635438339987626,0.000664514904120006,0.00157140051070515,0.00326848655998324,0.00625814863103002
421,0,0.000239980801535866,0.0038874490929286,0.00667440510737083,0.000392516027737821,0.00124014527416072,0.00292072322670378,0.00607321599280208,0.000664514904120006,0.00150592548942574,0.00313774709758396,0.00604085180356362
422,0,0.000239980801535866,0.00370233246945573,0.006094022054556,0.000392516027737821,0.00115156346886347,0.00278164116828927,0.00584828206714283,0.000617049553825688,0.00147318797878604,0.00298085974270479,0.00578009561060411
423,0,0.000239980801535866,0.00370233246945573,0.006094022054556,0.000392516027737821,0.00106298166356633,0.00250347705146037,0.0053984142158241,0.00056958420353137,0.00144045046814645,0.0028762681727853,0.00560625814863103
424,0,0.000239980801535866,0.00370233246945573,0.00594892629135224,0.000392516027737821,0.000974399858269082,0.00243393602225317,0.00528594725299447,0.000522118853237163,0.00137497544686704,0.00271938081790613,0.0053237722729248
425,0,0.000239980801535866,0.00314698259903734,0.00536854323853742,0.000392516027737821,0.000974399858269082,0.00222531293463146,0.00494854636450548,0.000474653502942846,0.00130950042558764,0.00261478924798664,0.00506301607996529
426,0,0.000239980801535866,0.00259163272861906,0.00493325594892624,0.000392516027737821,0.000974399858269082,0.00208623087621695,0.00477984592026093,0.000379722802354321,0.00124402540430824,0.00245790189310746,0.00482398956975227
427,0,0.000239980801535866,0.00259163272861906,0.00493325594892624,0.000261677351825251,0.000885818052971943,0.00194714881780256,0.0046673789574313,0.000332257452060003,0.00117855038302883,0.00224871875326849,0.00454150369404605
428,0,0.000239980801535866,0.00240651610514619,0.00478816018572259,0.000261677351825251,0.000885818052971943,0.00180806675938805,0.0043299780689422,0.000332257452060003,0.00117855038302883,0.002144127183349,0.00438939591481968
429,0,0.000239980801535866,0.00240651610514619,0.00449796865931518,0.000261677351825251,0.000885818052971943,0.00173852573018085,0.00421751110611257,0.000332257452060003,0.00117855038302883,0.00209183139838931,0.0042155584528466
430,0,0.000239980801535866,0.00240651610514619,0.00449796865931518,0.000261677351825251,0.000797236247674693,0.00166898470097354,0.00404881066186813,0.000332257452060003,0.00114581287238913,0.00198723982846982,0.00393307257714037
431,0,0.000239980801535866,0.00222139948167344,0.00420777713290776,0.000261677351825251,0.000797236247674693,0.00159944367176634,0.00393634369903839,0.000332257452060003,0.000949387808551028,0.00177805668863085,0.00375923511516729
432,0,0.000239980801535866,0.00203628285820068,0.00377248984329659,0.000261677351825251,0.000797236247674693,0.00159944367176634,0.00371140977337903,0.00018986140117716,0.000883912787271623,0.00151657776383218,0.00349847892220778
433,0,0.000239980801535866,0.00185116623472792,0.00348229831688918,0.000261677351825251,0.000797236247674693,0.00152990264255914,0.00365517629196421,0.00018986140117716,0.000851175276631921,0.00146428197887249,0.00328118209474138
434,0,0,0.00166604961125505,0.00333720255368541,0.000261677351825251,0.000620072637080304,0.00139082058414464,0.00354270932913459,0.00018986140117716,0.000818437765992219,0.00138583830143291,0.00315080399826162
435,0,0,0.00148093298778229,0.00319210679048176,0.00013083867591257,0.000620072637080304,0.00132127955493744,0.00343024236630485,0.00018986140117716,0.000818437765992219,0.00133354251647322,0.00295523685354193
436,0,0,0.00148093298778229,0.00319210679048176,0.00013083867591257,0.000620072637080304,0.00118219749652293,0.00331777540347522,0.00018986140117716,0.000818437765992219,0.00128124673151342,0.00275966970882224
437,0,0,0.00129581636430953,0.00275681950087059,0.00013083867591257,0.000531490831783166,0.00111265646731573,0.00314907495923078,0.00018986140117716,0.000752962744712926,0.00122895094655373,0.0026510212950891
438,0,0,0.00129581636430953,0.00246662797446318,0.00013083867591257,0.000531490831783166,0.00111265646731573,0.00292414103357141,0.00018986140117716,0.000752962744712926,0.00120280305407383,0.00258583224684916
439,0,0,0.00111069974083677,0.00232153221125941,0.00013083867591257,0.000531490831783166,0.00111265646731573,0.00281167407074168,0.00018986140117716,0.000687487723433522,0.00117665516159393,0.00245545415036941
440,0,0,0.00111069974083677,0.00217643644805576,0.00013083867591257,0.000531490831783166,0.00104311543810853,0.00275544058932686,0.00018986140117716,0.00065475021279382,0.00104591569919465,0.00228161668839633
441,0,0,0.00111069974083677,0.002031340684852,0.00013083867591257,0.000531490831783166,0.000973574408901223,0.00258674014508242,0.000142396050882843,0.000589275191514416,0.000967472021755067,0.00219469795740979
442,0,0,0.00111069974083677,0.002031340684852,0.00013083867591257,0.000531490831783166,0.000834492350486826,0.00247427318225268,0.000142396050882843,0.000556537680874714,0.000941324129275167,0.00206431986093003
443,0,0,0.000925583117363904,0.00174114915844459,0.00013083867591257,0.000442909026485916,0.000764951321279517,0.00236180621942306,0.000142396050882843,0.000523800170235011,0.000941324129275167,0.00202086049543682
444,0,0,0.000925583117363904,0.00159605339524083,0.00013083867591257,0.000442909026485916,0.000764951321279517,0.00224933925659343,9.49307005885247e-05,0.000491062659595309,0.000941324129275167,0.00195567144719688
445,0,0,0.000925583117363904,0.00159605339524083,0.00013083867591257,0.000442909026485916,0.000764951321279517,0.00219310577517851,9.49307005885247e-05,0.000458325148955718,0.000941324129275167,0.00191221208170356
446,0,0,0.000925583117363904,0.00145095763203718,0.00013083867591257,0.000442909026485916,0.000695410292072318,0.00208063881234888,9.49307005885247e-05,0.000425587638316016,0.000915176236795268,0.00184702303346373
447,0,0,0.000925583117363904,0.00145095763203718,0.00013083867591257,0.000442909026485916,0.000695410292072318,0.00185570488668951,9.49307005885247e-05,0.000392850127676314,0.000889028344315479,0.00182529335071713
448,0,0,0.000925583117363904,0.00145095763203718,0.00013083867591257,0.000442909026485916,0.000695410292072318,0.0017994714052747,9.49307005885247e-05,0.000360112617036612,0.000810584666875891,0.00171664493698387
449,0,0,0.000925583117363904,0.00145095763203718,0.00013083867591257,0.000177163610594389,0.00055632823365781,0.00163077096103015,9.49307005885247e-05,0.000360112617036612,0.000784436774395991,0.00167318557149065
450,0,0,0.000925583117363904,0.00145095763203718,0.00013083867591257,0.000177163610594389,0.00055632823365781,0.00151830399820052,4.74653502943179e-05,0.000360112617036612,0.000784436774395991,0.00162972620599744
451,0,0,0.000740466493891145,0.00116076610562976,0.00013083867591257,0.000177163610594389,0.00055632823365781,0.00151830399820052,4.74653502943179e-05,0.000360112617036612,0.000758288881916092,0.00158626684050411
452,0,0,0.000740466493891145,0.00116076610562976,0.00013083867591257,0.000177163610594389,0.00055632823365781,0.00151830399820052,4.74653502943179e-05,0.00032737510639691,0.000705993096956403,0.00149934810951757
453,0,0,0.000740466493891145,0.00116076610562976,0.00013083867591257,0.000177163610594389,0.000486787204450612,0.00146207051678571,4.74653502943179e-05,0.000294637595757208,0.000627549419516815,0.00143415906127775
454,0,0,0.000740466493891145,0.001015670342426,0.00013083867591257,0.000177163610594389,0.000417246175243413,0.00146207051678571,4.74653502943179e-05,0.000261900085117506,0.000522957849597327,0.00132551064754449
455,0,0,0.000555349870418387,0.000870574579222239,0.00013083867591257,0.000177163610594389,0.000417246175243413,0.00140583703537089,4.74653502943179e-05,0.000261900085117506,0.000496809957117428,0.00123859191655806
456,0,0,0.000555349870418387,0.000725478816018588,0.00013083867591257,0.000177163610594389,0.000417246175243413,0.00140583703537089,4.74653502943179e-05,0.000261900085117506,0.000470662064637639,0.00119513255106474
457,0,0,0.000555349870418387,0.000725478816018588,0.00013083867591257,8.85818052971388e-05,0.000347705146036215,0.00129337007254116,4.74653502943179e-05,0.000261900085117506,0.00041836627967784,0.0011299435028248
458,0,0,0.000555349870418387,0.000725478816018588,0.00013083867591257,8.85818052971388e-05,0.000347705146036215,0.00123713659112634,0,0.000261900085117506,0.000366070494718151,0.00104302477183837
459,0,0,0.000555349870418387,0.000725478816018588,0.00013083867591257,8.85818052971388e-05,0.000278164116828905,0.00118090310971153,0,0.000229162574477804,0.000339922602238252,0.000999565406345049
460,0,0,0.000555349870418387,0.000725478816018588,0.00013083867591257,8.85818052971388e-05,0.000278164116828905,0.00118090310971153,0,0.000229162574477804,0.000313774709758352,0.000934376358105227
461,0,0,0.000555349870418387,0.000725478816018588,0.00013083867591257,8.85818052971388e-05,0.000278164116828905,0.00118090310971153,0,0.000229162574477804,0.000313774709758352,0.000912646675358508
462,0,0,0.000555349870418387,0.000725478816018588,0.00013083867591257,8.85818052971388e-05,0.000278164116828905,0.0010684361468819,0,0.000196425063838102,0.000235331032318764,0.000847457627118686
463,0,0,0.000555349870418387,0.000725478816018588,0.00013083867591257,8.85818052971388e-05,0.000278164116828905,0.000955969184052163,0,0.000196425063838102,0.000209183139838975,0.000825727944371968
464,0,0,0.000555349870418387,0.000725478816018588,0.00013083867591257,8.85818052971388e-05,0.000278164116828905,0.00089973570263735,0,0.000163687553198399,0.000209183139838975,0.000738809213385538
465,0,0,0.000555349870418387,0.000725478816018588,0.00013083867591257,8.85818052971388e-05,0.000278164116828905,0.000843502221222536,0,0.000163687553198399,0.000209183139838975,0.000738809213385538
466,0,0,0.000370233246945628,0.000580383052814826,0.00013083867591257,8.85818052971388e-05,0.000278164116828905,0.000731035258392798,0,0.000163687553198399,0.000183035247359076,0.00071707953063882
467,0,0,0.000370233246945628,0.000580383052814826,0.00013083867591257,8.85818052971388e-05,0.000278164116828905,0.000731035258392798,0,0.000163687553198399,0.000183035247359076,0.000695349847892213
468,0,0,0.000370233246945628,0.000580383052814826,0.00013083867591257,8.85818052971388e-05,0.000208623087621707,0.000674801776977985,0,0.000130950042558808,0.000130739462399276,0.000608431116905672
469,0,0,0.000370233246945628,0.000435287289611175,0.00013083867591257,8.85818052971388e-05,0.000208623087621707,0.000674801776977985,0,0.000130950042558808,0.000130739462399276,0.000586701434159065
470,0,0,0.000370233246945628,0.000435287289611175,0.00013083867591257,8.85818052971388e-05,0.000208623087621707,0.000674801776977985,0,0.000130950042558808,0.000130739462399276,0.000586701434159065
471,0,0,0.000370233246945628,0.000435287289611175,0.00013083867591257,8.85818052971388e-05,0.000208623087621707,0.000674801776977985,0,0.000130950042558808,0.000130739462399276,0.000564971751412457
472,0,0,0.000370233246945628,0.000435287289611175,0.00013083867591257,8.85818052971388e-05,0.000208623087621707,0.000674801776977985,0,0.000130950042558808,0.000104591569919488,0.000499782703172524
473,0,0,0.000370233246945628,0.000435287289611175,0.00013083867591257,8.85818052971388e-05,0.000139082058414508,0.000562334814148358,0,0.000130950042558808,0.000104591569919488,0.000478053020425917
474,0,0,0.000370233246945628,0.000290191526407413,0.00013083867591257,8.85818052971388e-05,0.000139082058414508,0.000562334814148358,0,9.82125319191063e-05,0.000104591569919488,0.000434593654932591
475,0,0,0.000370233246945628,0.000290191526407413,0.00013083867591257,8.85818052971388e-05,0.000139082058414508,0.000562334814148358,0,9.82125319191063e-05,0.000104591569919488,0.000412863972185984
476,0,0,0.000370233246945628,0.000290191526407413,0.00013083867591257,8.85818052971388e-05,0.000139082058414508,0.000562334814148358,0,9.82125319191063e-05,0.000104591569919488,0.000412863972185984
477,0,0,0.000370233246945628,0.000290191526407413,0.00013083867591257,0,6.95410292071985e-05,0.000562334814148358,0,9.82125319191063e-05,0.000104591569919488,0.000412863972185984
478,0,0,0.000370233246945628,0.000290191526407413,0.00013083867591257,0,6.95410292071985e-05,0.000562334814148358,0,6.54750212794042e-05,7.8443677439588e-05,0.000391134289439377
479,0,0,0.000370233246945628,0.000290191526407413,0.00013083867591257,0,6.95410292071985e-05,0.000506101332733544,0,6.54750212794042e-05,7.8443677439588e-05,0.000369404606692769
480,0,0,0.000185116623472759,0.000290191526407413,0.00013083867591257,0,6.95410292071985e-05,0.000506101332733544,0,6.54750212794042e-05,7.8443677439588e-05,0.000369404606692769
481,0,0,0.000185116623472759,0.000290191526407413,0.00013083867591257,0,6.95410292071985e-05,0.00044986785131873,0,6.54750212794042e-05,7.8443677439588e-05,0.000347674923946162
482,0,0,0.000185116623472759,0.000290191526407413,0.00013083867591257,0,6.95410292071985e-05,0.00044986785131873,0,6.54750212794042e-05,7.8443677439588e-05,0.000325945241199443
483,0,0,0.000185116623472759,0.000290191526407413,0.00013083867591257,0,6.95410292071985e-05,0.00044986785131873,0,6.54750212794042e-05,7.8443677439588e-05,0.000325945241199443
484,0,0,0.000185116623472759,0.000290191526407413,0.00013083867591257,0,6.95410292071985e-05,0.00044986785131873,0,6.54750212794042e-05,7.8443677439588e-05,0.000304215558452836
485,0,0,0.000185116623472759,0.000290191526407413,0,0,6.95410292071985e-05,0.000393634369903806,0,6.54750212794042e-05,7.8443677439588e-05,0.000282485875706229
486,0,0,0.000185116623472759,0.000290191526407413,0,0,6.95410292071985e-05,0.000393634369903806,0,6.54750212794042e-05,7.8443677439588e-05,0.000282485875706229
487,0,0,0.000185116623472759,0.000290191526407413,0,0,6.95410292071985e-05,0.000393634369903806,0,6.54750212794042e-05,7.8443677439588e-05,0.000260756192959621
488,0,0,0.000185116623472759,0.000290191526407413,0,0,6.95410292071985e-05,0.000393634369903806,0,6.54750212794042e-05,7.8443677439588e-05,0.000260756192959621
489,0,0,0.000185116623472759,0.000290191526407413,0,0,6.95410292071985e-05,0.000393634369903806,0,6.54750212794042e-05,7.8443677439588e-05,0.000260756192959621
490,0,0,0.000185116623472759,0.000290191526407413,0,0,6.95410292071985e-05,0.000393634369903806,0,6.54750212794042e-05,7.8443677439588e-05,0.000260756192959621
491,0,0,0.000185116623472759,0.000290191526407413,0,0,6.95410292071985e-05,0.000337400888488992,0,6.54750212794042e-05,7.8443677439588e-05,0.000260756192959621
492,0,0,0,0.000290191526407413,0,0,6.95410292071985e-05,0.000337400888488992,0,3.27375106397021e-05,5.22957849596883e-05,0.000239026510212903
493,0,0,0,0.000145095763203762,0,0,6.95410292071985e-05,0.000337400888488992,0,3.27375106397021e-05,5.22957849596883e-05,0.000195567144719688
494,0,0,0,0.000145095763203762,0,0,6.95410292071985e-05,0.000281167407074179,0,0,5.22957849596883e-05,0.000195567144719688
495,0,0,0,0.000145095763203762,0,0,6.95410292071985e-05,0.000281167407074179,0,0,5.22957849596883e-05,0.000195567144719688
496,0,0,0,0.000145095763203762,0,0,6.95410292071985e-05,0.000224933925659365,0,0,5.22957849596883e-05,0.000173837461973081
497,0,0,0,0.000145095763203762,0,0,6.95410292071985e-05,0.000224933925659365,0,0,5.22957849596883e-05,0.000152107779226474
498,0,0,0,0.000145095763203762,0,0,6.95410292071985e-05,0.000224933925659365,0,0,2.61478924798997e-05,0.000130378096479755
499,0,0,0,0.000145095763203762,0,0,6.95410292071985e-05,0.000224933925659365,0,0,2.61478924798997e-05,0.000130378096479755
500,0,0,0,0.000145095763203762,0,0,6.95410292071985e-05,0.000224933925659365,0,0,2.61478924798997e-05,0.000130378096479755
501,0,0,0,0.000145095763203762,0,0,6.95410292071985e-05,0.000224933925659365,0,0,2.61478924798997e-05,0.000130378096479755
502,0,0,0,0.000145095763203762,0,0,6.95410292071985e-05,0.000224933925659365,0,0,2.61478924798997e-05,0.000130378096479755
503,0,0,0,0.000145095763203762,0,0,6.95410292071985e-05,0.000224933925659365,0,0,2.61478924798997e-05,0.000108648413733148
504,0,0,0,0.000145095763203762,0,0,6.95410292071985e-05,0.000168700444244552,0,0,2.61478924798997e-05,0.000108648413733148
505,0,0,0,0.000145095763203762,0,0,6.95410292071985e-05,0.000168700444244552,0,0,2.61478924798997e-05,8.69187309865405e-05
506,0,0,0,0.000145095763203762,0,0,6.95410292071985e-05,0.000168700444244552,0,0,2.61478924798997e-05,8.69187309865405e-05
507,0,0,0,0.000145095763203762,0,0,6.95410292071985e-05,0.000168700444244552,0,0,2.61478924798997e-05,8.69187309865405e-05
508,0,0,0,0.000145095763203762,0,0,6.95410292071985e-05,0.000168700444244552,0,0,2.61478924798997e-05,8.69187309865405e-05
509,0,0,0,0.000145095763203762,0,0,6.95410292071985e-05,0.000168700444244552,0,0,2.61478924798997e-05,8.69187309865405e-05
510,0,0,0,0.000145095763203762,0,0,6.95410292071985e-05,0.000168700444244552,0,0,2.61478924798997e-05,8.69187309865405e-05
511,0,0,0,0.000145095763203762,0,0,6.95410292071985e-05,0.000168700444244552,0,0,2.61478924798997e-05,8.69187309865405e-05
512,0,0,0,0.000145095763203762,0,0,6.95410292071985e-05,0.000168700444244552,0,0,2.61478924798997e-05,8.69187309865405e-05
513,0,0,0,0.000145095763203762,0,0,6.95410292071985e-05,0.000168700444244552,0,0,2.61478924798997e-05,8.69187309865405e-05
514,0,0,0,0.000145095763203762,0,0,6.95410292071985e-05,0.000168700444244552,0,0,2.61478924798997e-05,8.69187309865405e-05
515,0,0,0,0.000145095763203762,0,0,6.95410292071985e-05,0.000168700444244552,0,0,2.61478924798997e-05,8.69187309865405e-05
516,0,0,0,0.000145095763203762,0,0,6.95410292071985e-05,0.000168700444244552,0,0,2.61478924798997e-05,8.69187309865405e-05
517,0,0,0,0.000145095763203762,0,0,6.95410292071985e-05,0.000168700444244552,0,0,2.61478924798997e-05,8.69187309865405e-05
518,0,0,0,0.000145095763203762,0,0,6.95410292071985e-05,0.000168700444244552,0,0,2.61478924798997e-05,8.69187309865405e-05
519,0,0,0,0.000145095763203762,0,0,6.95410292071985e-05,0.000168700444244552,0,0,2.61478924798997e-05,8.69187309865405e-05
520,0,0,0,0.000145095763203762,0,0,6.95410292071985e-05,0.000168700444244552,0,0,2.61478924798997e-05,8.69187309865405e-05
521,0,0,0,0.000145095763203762,0,0,6.95410292071985e-05,0.000168700444244552,0,0,2.61478924798997e-05,6.51890482399331e-05
522,0,0,0,0.000145095763203762,0,0,6.95410292071985e-05,0.000168700444244552,0,0,2.61478924798997e-05,6.51890482399331e-05
523,0,0,0,0.000145095763203762,0,0,6.95410292071985e-05,0.000112466962829627,0,0,2.61478924798997e-05,6.51890482399331e-05
524,0,0,0,0.000145095763203762,0,0,6.95410292071985e-05,0.000112466962829627,0,0,2.61478924798997e-05,6.51890482399331e-05
525,0,0,0,0.000145095763203762,0,0,6.95410292071985e-05,0.000112466962829627,0,0,2.61478924798997e-05,6.51890482399331e-05
526,0,0,0,0.000145095763203762,0,0,6.95410292071985e-05,0.000112466962829627,0,0,2.61478924798997e-05,6.51890482399331e-05
527,0,0,0,0.000145095763203762,0,0,6.95410292071985e-05,0.000112466962829627,0,0,2.61478924798997e-05,6.51890482399331e-05
528,0,0,0,0.000145095763203762,0,0,6.95410292071985e-05,0.000112466962829627,0,0,2.61478924798997e-05,6.51890482399331e-05
529,0,0,0,0.000145095763203762,0,0,6.95410292071985e-05,0.000112466962829627,0,0,2.61478924798997e-05,6.51890482399331e-05
530,0,0,0,0.000145095763203762,0,0,6.95410292071985e-05,0.000112466962829627,0,0,2.61478924798997e-05,4.34593654932147e-05
531,0,0,0,0.000145095763203762,0,0,6.95410292071985e-05,0.000112466962829627,0,0,2.61478924798997e-05,4.34593654932147e-05
532,0,0,0,0.000145095763203762,0,0,6.95410292071985e-05,0.000112466962829627,0,0,2.61478924798997e-05,4.34593654932147e-05
533,0,0,0,0.000145095763203762,0,0,6.95410292071985e-05,0.000112466962829627,0,0,2.61478924798997e-05,4.34593654932147e-05
534,0,0,0,0.000145095763203762,0,0,6.95410292071985e-05,0.000112466962829627,0,0,2.61478924798997e-05,4.34593654932147e-05
535,0,0,0,0.000145095763203762,0,0,6.95410292071985e-05,0.000112466962829627,0,0,2.61478924798997e-05,4.34593654932147e-05
536,0,0,0,0.000145095763203762,0,0,6.95410292071985e-05,0.000112466962829627,0,0,2.61478924798997e-05,4.34593654932147e-05
537,0,0,0,0.000145095763203762,0,0,6.95410292071985e-05,0.000112466962829627,0,0,2.61478924798997e-05,4.34593654932147e-05
538,0,0,0,0.000145095763203762,0,0,6.95410292071985e-05,0.000112466962829627,0,0,2.61478924798997e-05,4.34593654932147e-05
539,0,0,0,0.000145095763203762,0,0,6.95410292071985e-05,0.000112466962829627,0,0,2.61478924798997e-05,4.34593654932147e-05
540,0,0,0,0.000145095763203762,0,0,6.95410292071985e-05,0.000112466962829627,0,0,2.61478924798997e-05,4.34593654932147e-05
541,0,0,0,0.000145095763203762,0,0,6.95410292071985e-05,0.000112466962829627,0,0,2.61478924798997e-05,4.34593654932147e-05
542,0,0,0,0.000145095763203762,0,0,6.95410292071985e-05,0.000112466962829627,0,0,2.61478924798997e-05,2.17296827466074e-05
543,0,0,0,0.000145095763203762,0,0,6.95410292071985e-05,0.000112466962829627,0,0,2.61478924798997e-05,2.17296827466074e-05
544,0,0,0,0.000145095763203762,0,0,0,5.62334814148135e-05,0,0,2.61478924798997e-05,2.17296827466074e-05
545,0,0,0,0.000145095763203762,0,0,0,5.62334814148135e-05,0,0,2.61478924798997e-05,2.17296827466074e-05
546,0,0,0,0.000145095763203762,0,0,0,5.62334814148135e-05,0,0,2.61478924798997e-05,2.17296827466074e-05
547,0,0,0,0.000145095763203762,0,0,0,5.62334814148135e-05,0,0,2.61478924798997e-05,2.17296827466074e-05
548,0,0,0,0.000145095763203762,0,0,0,5.62334814148135e-05,0,0,2.61478924798997e-05,2.17296827466074e-05
549,0,0,0,0.000145095763203762,0,0,0,5.62334814148135e-05,0,0,2.61478924798997e-05,2.17296827466074e-05
550,0,0,0,0.000145095763203762,0,0,0,5.62334814148135e-05,0,0,2.61478924798997e-05,2.17296827466074e-05
551,0,0,0,0.000145095763203762,0,0,0,5.62334814148135e-05,0,0,2.61478924798997e-05,2.17296827466074e-05
552,0,0,0,0.000145095763203762,0,0,0,5.62334814148135e-05,0,0,2.61478924798997e-05,2.17296827466074e-05
553,0,0,0,0.000145095763203762,0,0,0,5.62334814148135e-05,0,0,2.61478924798997e-05,2.17296827466074e-05
554,0,0,0,0.000145095763203762,0,0,0,0,0,0,2.61478924798997e-05,2.17296827466074e-05
555,0,0,0,0.000145095763203762,0,0,0,0,0,0,2.61478924798997e-05,2.17296827466074e-05
556,0,0,0,0.000145095763203762,0,0,0,0,0,0,2.61478924798997e-05,2.17296827466074e-05
557,0,0,0,0.000145095763203762,0,0,0,0,0,0,2.61478924798997e-05,2.17296827466074e-05
558,0,0,0,0.000145095763203762,0,0,0,0,0,0,2.61478924798997e-05,2.17296827466074e-05
559,0,0,0,0.000145095763203762,0,0,0,0,0,0,2.61478924798997e-05,2.17296827466074e-05
560,0,0,0,0.000145095763203762,0,0,0,0,0,0,2.61478924798997e-05,2.17296827466074e-05
561,0,0,0,0.000145095763203762,0,0,0,0,0,0,2.61478924798997e-05,2.17296827466074e-05
562,0,0,0,0.000145095763203762,0,0,0,0,0,0,2.61478924798997e-05,2.17296827466074e-05
563,0,0,0,0.000145095763203762,0,0,0,0,0,0,2.61478924798997e-05,2.17296827466074e-05
564,0,0,0,0.000145095763203762,0,0,0,0,0,0,2.61478924798997e-05,2.17296827466074e-05
565,0,0,0,0.000145095763203762,0,0,0,0,0,0,2.61478924798997e-05,2.17296827466074e-05
566,0,0,0,0.000145095763203762,0,0,0,0,0,0,2.61478924798997e-05,2.17296827466074e-05
567,0,0,0,0.000145095763203762,0,0,0,0,0,0,2.61478924798997e-05,2.17296827466074e-05
568,0,0,0,0,0,0,0,0,0,0,2.61478924798997e-05,2.17296827466074e-05
569,0,0,0,0,0,0,0,0,0,0,0,0
570,0,0,0,0,0,0,0,0,0,0,0,0
571,0,0,0,0,0,0,0,0,0,0,0,0
572,0,0,0,0,0,0,0,0,0,0,0,0
573,0,0,0,0,0,0,0,0,0,0,0,0
574,0,0,0,0,0,0,0,0,0,0,0,0
575,0,0,0,0,0,0,0,0,0,0,0,0
576,0,0,0,0,0,0,0,0,0,0,0,0
577,0,0,0,0,0,0,0,0,0,0,0,0
578,0,0,0,0,0,0,0,0,0,0,0,0
579,0,0,0,0,0,0,0,0,0,0,0,0
580,0,0,0,0,0,0,0,0,0,0,0,0
581,0,0,0,0,0,0,0,0,0,0,0,0
582,0,0,0,0,0,0,0,0,0,0,0,0
583,0,0,0,0,0,0,0,0,0,0,0,0
584,0,0,0,0,0,0,0,0,0,0,0,0
585,0,0,0,0,0,0,0,0,0,0,0,0
586,0,0,0,0,0,0,0,0,0,0,0,0
587,0,0,0,0,0,0,0,0,0,0,0,0
588,0,0,0,0,0,0,0,0,0,0,0,0
589,0,0,0,0,0,0,0,0,0,0,0,0
590,0,0,0,0,0,0,0,0,0,0,0,0
591,0,0,0,0,0,0,0,0,0,0,0,0
592,0,0,0,0,0,0,0,0,0,0,0,0
593,0,0,0,0,0,0,0,0,0,0,0,0
594,0,0,0,0,0,0,0,0,0,0,0,0
595,0,0,0,0,0,0,0,0,0,0,0,0
596,0,0,0,0,0,0,0,0,0,0,0,0
597,0,0,0,0,0,0,0,0,0,0,0,0
598,0,0,0,0,0,0,0,0,0,0,0,0
599,0,0,0,0,0,0,0,0,0,0,0,0
600,0,0,0,0,0,0,0,0,0,0,0,0
601,0,0,0,0,0,0,0,0,0,0,0,0
602,0,0,0,0,0,0,0,0,0,0,0,0
603,0,0,0,0,0,0,0,0,0,0,0,0
604,0,0,0,0,0,0,0,0,0,0,0,0
605,0,0,0,0,0,0,0,0,0,0,0,0
606,0,0,0,0,0,0,0,0,0,0,0,0
607,0,0,0,0,0,0,0,0,0,0,0,0
608,0,0,0,0,0,0,0,0,0,0,0,0
609,0,0,0,0,0,0,0,0,0,0,0,0
610,0,0,0,0,0,0,0,0,0,0,0,0
611,0,0,0,0,0,0,0,0,0,0,0,0
612,0,0,0,0,0,0,0,0,0,0,0,0
613,0,0,0,0,0,0,0,0,0,0,0,0
614,0,0,0,0,0,0,0,0,0,0,0,0
615,0,0,0,0,0,0,0,0,0,0,0,0
616,0,0,0,0,0,0,0,0,0,0,0,0
617,0,0,0,0,0,0,0,0,0,0,0,0
618,0,0,0,0,0,0,0,0,0,0,0,0
619,0,0,0,0,0,0,0,0,0,0,0,0
620,0,0,0,0,0,0,0,0,0,0,0,0
621,0,0,0,0,0,0,0,0,0,0,0,0
622,0,0,0,0,0,0,0,0,0,0,0,0
623,0,0,0,0,0,0,0,0,0,0,0,0
624,0,0,0,0,0,0,0,0,0,0,0,0
625,0,0,0,0,0,0,0,0,0,0,0,0
626,0,0,0,0,0,0,0,0,0,0,0,0
627,0,0,0,0,0,0,0,0,0,0,0,0
628,0,0,0,0,0,0,0,0,0,0,0,0
629,0,0,0,0,0,0,0,0,0,0,0,0
630,0,0,0,0,0,0,0,0,0,0,0,0
631,0,0,0,0,0,0,0,0,0,0,0,0
632,0,0,0,0,0,0,0,0,0,0,0,0
633,0,0,0,0,0,0,0,0,0,0,0,0
634,0,0,0,0,0,0,0,0,0,0,0,0
635,0,0,0,0,0,0,0,0,0,0,0,0
636,0,0,0,0,0,0,0,0,0,0,0,0
637,0,0,0,0,0,0,0,0,0,0,0,0
638,0,0,0,0,0,0,0,0,0,0,0,0
639,0,0,0,0,0,0,0,0,0,0,0,0
640,0,0,0,0,0,0,0,0,0,0,0,0
641,0,0,0,0,0,0,0,0,0,0,0,0
642,0,0,0,0,0,0,0,0,0,0,0,0
643,0,0,0,0,0,0,0,0,0,0,0,0
644,0,0,0,0,0,0,0,0,0,0,0,0
645,0,0,0,0,0,0,0,0,0,0,0,0
646,0,0,0,0,0,0,0,0,0,0,0,0
647,0,0,0,0,0,0,0,0,0,0,0,0
648,0,0,0,0,0,0,0,0,0,0,0,0
649,0,0,0,0,0,0,0,0,0,0,0,0
650,0,0,0,0,0,0,0,0,0,0,0,0
651,0,0,0,0,0,0,0,0,0,0,0,0
652,0,0,0,0,0,0,0,0,0,0,0,0
653,0,0,0,0,0,0,0,0,0,0,0,0
654,0,0,0,0,0,0,0,0,0,0,0,0
655,0,0,0,0,0,0,0,0,0,0,0,0
656,0,0,0,0,0,0,0,0,0,0,0,0
657,0,0,0,0,0,0,0,0,0,0,0,0
658,0,0,0,0,0,0,0,0,0,0,0,0
659,0,0,0,0,0,0,0,0,0,0,0,0
660,0,0,0,0,0,0,0,0,0,0,0,0
661,0,0,0,0,0,0,0,0,0,0,0,0
662,0,0,0,0,0,0,0,0,0,0,0,0
663,0,0,0,0,0,0,0,0,0,0,0,0
664,0,0,0,0,0,0,0,0,0,0,0,0
665,0,0,0,0,0,0,0,0,0,0,0,0
666,0,0,0,0,0,0,0,0,0,0,0,0
667,0,0,0,0,0,0,0,0,0,0,0,0
668,0,0,0,0,0,0,0,0,0,0,0,0
669,0,0,0,0,0,0,0,0,0,0,0,0
670,0,0,0,0,0,0,0,0,0,0,0,0
671,0,0,0,0,0,0,0,0,0,0,0,0
672,0,0,0,0,0,0,0,0,0,0,0,0
673,0,0,0,0,0,0,0,0,0,0,0,0
674,0,0,0,0,0,0,0,0,0,0,0,0
675,0,0,0,0,0,0,0,0,0,0,0,0
676,0,0,0,0,0,0,0,0,0,0,0,0
677,0,0,0,0,0,0,0,0,0,0,0,0
678,0,0,0,0,0,0,0,0,0,0,0,0
679,0,0,0,0,0,0,0,0,0,0,0,0
680,0,0,0,0,0,0,0,0,0,0,0,0
681,0,0,0,0,0,0,0,0,0,0,0,0
682,0,0,0,0,0,0,0,0,0,0,0,0
683,0,0,0,0,0,0,0,0,0,0,0,0
684,0,0,0,0,0,0,0,0,0,0,0,0
685,0,0,0,0,0,0,0,0,0,0,0,0
686,0,0,0,0,0,0,0,0,0,0,0,0
687,0,0,0,0,0,0,0,0,0,0,0,0
688,0,0,0,0,0,0,0,0,0,0,0,0
689,0,0,0,0,0,0,0,0,0,0,0,0
690,0,0,0,0,0,0,0,0,0,0,0,0
691,0,0,0,0,0,0,0,0,0,0,0,0
692,0,0,0,0,0,0,0,0,0,0,0,0
693,0,0,0,0,0,0,0,0,0,0,0,0
694,0,0,0,0,0,0,0,0,0,0,0,0
695,0,0,0,0,0,0,0,0,0,0,0,0
696,0,0,0,0,0,0,0,0,0,0,0,0
697,0,0,0,0,0,0,0,0,0,0,0,0
698,0,0,0,0,0,0,0,0,0,0,0,0
699,0,0,0,0,0,0,0,0,0,0,0,0
700,0,0,0,0,0,0,0,0,0,0,0,0
